node_id,node_type,zone_id,side,has_kansen,has_sidou,lon,lat,intersection_type,is_signalized,juusin_kansen,juusin_sidou,priority,notes
B-513243254-E,BOUNDARY,513243254,E,0.0,0.0,,,,,,,1.0,
B-513243254-N,BOUNDARY,513243254,N,1.0,0.0,132.44979156017035,34.358357375494116,,,,,1.0,
B-513243254-S,BOUNDARY,513243254,S,0.0,0.0,,,,,,,1.0,
B-513243254-W,BOUNDARY,513243254,W,0.0,0.0,,,,,,,1.0,
B-513243263-E,BOUNDARY,513243263,E,0.0,0.0,,,,,,,1.0,
B-513243263-N,BOUNDARY,513243263,N,1.0,0.0,132.4534281250461,34.35858749056133,,,,,1.0,
B-513243263-S,BOUNDARY,513243263,S,0.0,0.0,,,,,,,1.0,
B-513243263-W,BOUNDARY,513243263,W,0.0,0.0,,,,,,,1.0,
B-513243264-E,BOUNDARY,513243264,E,0.0,0.0,,,,,,,1.0,
B-513243264-N,BOUNDARY,513243264,N,1.0,1.0,132.46206262672382,34.35856046695541,,,,,1.0,
B-513243264-S,BOUNDARY,513243264,S,0.0,0.0,,,,,,,1.0,
B-513243264-W,BOUNDARY,513243264,W,0.0,0.0,,,,,,,1.0,
B-513243273-E,BOUNDARY,513243273,E,0.0,0.0,,,,,,,1.0,
B-513243273-N,BOUNDARY,513243273,N,1.0,1.0,132.46458578700697,34.35873457832237,,,,,1.0,
B-513243273-S,BOUNDARY,513243273,S,0.0,0.0,,,,,,,1.0,
B-513243273-W,BOUNDARY,513243273,W,0.0,1.0,132.4626017424177,34.35887666037454,,,,,1.0,
B-513243274-E,BOUNDARY,513243274,E,0.0,0.0,,,,,,,1.0,
B-513243274-N,BOUNDARY,513243274,N,1.0,0.0,132.47474895344226,34.36046926298256,,,,,1.0,
B-513243274-S,BOUNDARY,513243274,S,0.0,0.0,,,,,,,1.0,
B-513243274-W,BOUNDARY,513243274,W,0.0,0.0,,,,,,,1.0,
B-513243283-E,BOUNDARY,513243283,E,0.0,0.0,,,,,,,1.0,
B-513243283-N,BOUNDARY,513243283,N,1.0,0.0,132.47819603267638,34.362083087728834,,,,,1.0,
B-513243283-S,BOUNDARY,513243283,S,0.0,0.0,,,,,,,1.0,
B-513243283-W,BOUNDARY,513243283,W,0.0,0.0,,,,,,,1.0,
B-513243341-E,BOUNDARY,513243341,E,1.0,0.0,132.4313743202933,34.36291008772026,,,,,1.0,
B-513243341-N,BOUNDARY,513243341,N,1.0,0.0,132.4262002777026,34.36252444223935,,,,,1.0,
B-513243341-S,BOUNDARY,513243341,S,0.0,0.0,,,,,,,1.0,
B-513243341-W,BOUNDARY,513243341,W,0.0,0.0,,,,,,,1.0,
B-513243342-E,BOUNDARY,513243342,E,0.0,0.0,,,,,,,1.0,
B-513243342-N,BOUNDARY,513243342,N,1.0,1.0,132.43467749831535,34.362603304177235,,,,,1.0,
B-513243342-S,BOUNDARY,513243342,S,0.0,0.0,,,,,,,1.0,
B-513243342-W,BOUNDARY,513243342,W,0.0,0.0,,,,,,,1.0,
B-513243343-E,BOUNDARY,513243343,E,1.0,1.0,132.4312512205699,34.36578197963287,,,,,1.0,
B-513243343-N,BOUNDARY,513243343,N,1.0,1.0,132.4289229853316,34.3666566617728,,,,,1.0,
B-513243343-S,BOUNDARY,513243343,S,1.0,0.0,132.4262002777026,34.36252444223935,,,,,1.0,
B-513243343-W,BOUNDARY,513243343,W,0.0,0.0,,,,,,,1.0,
B-513243344-E,BOUNDARY,513243344,E,1.0,1.0,132.43736451610246,34.36306053232978,,,,,1.0,
B-513243344-N,BOUNDARY,513243344,N,1.0,1.0,132.43280251690285,34.36678578601041,,,,,1.0,
B-513243344-S,BOUNDARY,513243344,S,1.0,1.0,132.43467749831535,34.362603304177235,,,,,1.0,
B-513243344-W,BOUNDARY,513243344,W,1.0,1.0,132.4312512205699,34.36578197963287,,,,,1.0,
B-513243351-E,BOUNDARY,513243351,E,1.0,1.0,132.44360499178921,34.35928725358454,,,,,1.0,
B-513243351-N,BOUNDARY,513243351,N,1.0,0.0,132.44044398599044,34.36277890034809,,,,,1.0,
B-513243351-S,BOUNDARY,513243351,S,0.0,0.0,,,,,,,1.0,
B-513243351-W,BOUNDARY,513243351,W,0.0,0.0,,,,,,,1.0,
B-513243352-E,BOUNDARY,513243352,E,1.0,0.0,132.44898472923302,34.36267325396852,,,,,1.0,
B-513243352-N,BOUNDARY,513243352,N,1.0,0.0,132.42797895761433,34.371154916632996,,,,,1.0,
B-513243352-S,BOUNDARY,513243352,S,1.0,0.0,132.4501553187889,34.358633824944334,,,,,1.0,
B-513243352-W,BOUNDARY,513243352,W,1.0,1.0,132.44360499178921,34.35928725358454,,,,,1.0,
B-513243353-E,BOUNDARY,513243353,E,1.0,0.0,132.44314602994785,34.363195337249415,,,,,1.0,
B-513243353-N,BOUNDARY,513243353,N,1.0,1.0,132.44182564092145,34.36653554337616,,,,,1.0,
B-513243353-S,BOUNDARY,513243353,S,1.0,0.0,132.44044398599044,34.36277890034809,,,,,1.0,
B-513243353-W,BOUNDARY,513243353,W,1.0,1.0,132.43736451610246,34.36306053232978,,,,,1.0,
B-513243354-E,BOUNDARY,513243354,E,1.0,1.0,132.44991896178547,34.36535157835855,,,,,1.0,
B-513243354-N,BOUNDARY,513243354,N,1.0,1.0,132.44503346753726,34.366548307352986,,,,,1.0,
B-513243354-S,BOUNDARY,513243354,S,1.0,0.0,132.42797895761433,34.371154916632996,,,,,1.0,
B-513243354-W,BOUNDARY,513243354,W,1.0,0.0,132.4440429039519,34.36617713779794,,,,,1.0,
B-513243361-E,BOUNDARY,513243361,E,1.0,1.0,132.45654390003568,34.35917147713135,,,,,1.0,
B-513243361-N,BOUNDARY,513243361,N,1.0,0.0,132.4559368066262,34.36275441562317,,,,,1.0,
B-513243361-S,BOUNDARY,513243361,S,1.0,0.0,132.4534281250461,34.35858749056133,,,,,1.0,
B-513243361-W,BOUNDARY,513243361,W,1.0,0.0,132.42797895761433,34.371154916632996,,,,,1.0,
B-513243362-E,BOUNDARY,513243362,E,0.0,1.0,132.4626026696441,34.361256787080684,,,,,1.0,
B-513243362-N,BOUNDARY,513243362,N,1.0,1.0,132.4624615581061,34.3629975844554,,,,,1.0,
B-513243362-S,BOUNDARY,513243362,S,1.0,1.0,132.46206262672382,34.35856046695541,,,,,1.0,
B-513243362-W,BOUNDARY,513243362,W,1.0,1.0,132.45654390003568,34.35917147713135,,,,,1.0,
B-513243363-E,BOUNDARY,513243363,E,1.0,0.0,132.45635312703826,34.36330555596518,,,,,1.0,
B-513243363-N,BOUNDARY,513243363,N,1.0,1.0,132.45232480971566,34.3666499353113,,,,,1.0,
B-513243363-S,BOUNDARY,513243363,S,1.0,0.0,132.4559368066262,34.36275441562317,,,,,1.0,
B-513243363-W,BOUNDARY,513243363,W,1.0,1.0,132.45014748971607,34.366369626434135,,,,,1.0,
B-513243364-E,BOUNDARY,513243364,E,1.0,1.0,132.4624299999005,34.36557946492947,,,,,1.0,
B-513243364-N,BOUNDARY,513243364,N,1.0,1.0,132.46126572467597,34.36660122343803,,,,,1.0,
B-513243364-S,BOUNDARY,513243364,S,1.0,1.0,132.4624615581061,34.3629975844554,,,,,1.0,
B-513243364-W,BOUNDARY,513243364,W,1.0,0.0,132.4559368066262,34.36275441562317,,,,,1.0,
B-513243371-E,BOUNDARY,513243371,E,1.0,1.0,132.46850114660538,34.360899284455215,,,,,1.0,
B-513243371-N,BOUNDARY,513243371,N,1.0,1.0,132.464926694611,34.36266705242829,,,,,1.0,
B-513243371-S,BOUNDARY,513243371,S,1.0,1.0,132.46458578700697,34.35873457832237,,,,,1.0,
B-513243371-W,BOUNDARY,513243371,W,0.0,1.0,132.4626026696441,34.361256787080684,,,,,1.0,
B-513243372-E,BOUNDARY,513243372,E,0.0,0.0,,,,,,,1.0,
B-513243372-N,BOUNDARY,513243372,N,1.0,0.0,132.47474895344226,34.36046926298256,,,,,1.0,
B-513243372-S,BOUNDARY,513243372,S,0.0,0.0,,,,,,,1.0,
B-513243372-W,BOUNDARY,513243372,W,1.0,1.0,132.46850114660538,34.360899284455215,,,,,1.0,
B-513243373-E,BOUNDARY,513243373,E,0.0,1.0,132.46838733469292,34.36593155442762,,,,,1.0,
B-513243373-N,BOUNDARY,513243373,N,1.0,0.0,132.44355859930698,34.38463098568055,,,,,1.0,
B-513243373-S,BOUNDARY,513243373,S,1.0,1.0,132.464926694611,34.36266705242829,,,,,1.0,
B-513243373-W,BOUNDARY,513243373,W,1.0,1.0,132.4624615581061,34.3629975844554,,,,,1.0,
B-513243374-E,BOUNDARY,513243374,E,1.0,0.0,132.47487082366305,34.365721410066364,,,,,1.0,
B-513243374-N,BOUNDARY,513243374,N,1.0,0.0,132.47007770677143,34.36655360205112,,,,,1.0,
B-513243374-S,BOUNDARY,513243374,S,1.0,1.0,132.47626833271934,34.36255949325287,,,,,1.0,
B-513243374-W,BOUNDARY,513243374,W,0.0,1.0,132.46838733469292,34.36593155442762,,,,,1.0,
B-513243381-E,BOUNDARY,513243381,E,1.0,1.0,132.48082676755595,34.36278751594728,,,,,1.0,
B-513243381-N,BOUNDARY,513243381,N,1.0,1.0,132.47626833271934,34.36255949325287,,,,,1.0,
B-513243381-S,BOUNDARY,513243381,S,0.0,0.0,,,,,,,1.0,
B-513243381-W,BOUNDARY,513243381,W,0.0,0.0,,,,,,,1.0,
B-513243382-E,BOUNDARY,513243382,E,0.0,0.0,,,,,,,1.0,
B-513243382-N,BOUNDARY,513243382,N,1.0,1.0,132.48674561122354,34.362462487604326,,,,,1.0,
B-513243382-S,BOUNDARY,513243382,S,0.0,0.0,,,,,,,1.0,
B-513243382-W,BOUNDARY,513243382,W,0.0,0.0,,,,,,,1.0,
B-513243383-E,BOUNDARY,513243383,E,1.0,1.0,132.48082676755595,34.36278751594728,,,,,1.0,
B-513243383-N,BOUNDARY,513243383,N,1.0,1.0,132.47599519747504,34.367083387285284,,,,,1.0,
B-513243383-S,BOUNDARY,513243383,S,1.0,0.0,132.47819603267638,34.362083087728834,,,,,1.0,
B-513243383-W,BOUNDARY,513243383,W,1.0,1.0,132.47626833271934,34.36255949325287,,,,,1.0,
B-513243384-E,BOUNDARY,513243384,E,0.0,1.0,132.48746418242004,34.363354011960084,,,,,1.0,
B-513243384-N,BOUNDARY,513243384,N,1.0,1.0,132.48469441863088,34.36679229207829,,,,,1.0,
B-513243384-S,BOUNDARY,513243384,S,1.0,1.0,132.48674561122354,34.362462487604326,,,,,1.0,
B-513243384-W,BOUNDARY,513243384,W,1.0,1.0,132.48134996311958,34.36564774764007,,,,,1.0,
B-513243393-E,BOUNDARY,513243393,E,0.0,0.0,,,,,,,1.0,
B-513243393-N,BOUNDARY,513243393,N,0.0,0.0,,,,,,,1.0,
B-513243393-S,BOUNDARY,513243393,S,0.0,0.0,,,,,,,1.0,
B-513243393-W,BOUNDARY,513243393,W,0.0,1.0,132.48746418242004,34.363354011960084,,,,,1.0,
B-513243434-E,BOUNDARY,513243434,E,1.0,1.0,132.42525515349692,34.37354541931263,,,,,1.0,
B-513243434-N,BOUNDARY,513243434,N,0.0,0.0,,,,,,,1.0,
B-513243434-S,BOUNDARY,513243434,S,0.0,0.0,,,,,,,1.0,
B-513243434-W,BOUNDARY,513243434,W,0.0,0.0,,,,,,,1.0,
B-513243441-E,BOUNDARY,513243441,E,1.0,1.0,132.43065016730705,34.36884458955731,,,,,1.0,
B-513243441-N,BOUNDARY,513243441,N,1.0,1.0,132.4309521226165,34.37080843971946,,,,,1.0,
B-513243441-S,BOUNDARY,513243441,S,1.0,1.0,132.4289229853316,34.3666566617728,,,,,1.0,
B-513243441-W,BOUNDARY,513243441,W,0.0,0.0,,,,,,,1.0,
B-513243442-E,BOUNDARY,513243442,E,1.0,1.0,132.43735112803145,34.36957745595833,,,,,1.0,
B-513243442-N,BOUNDARY,513243442,N,1.0,1.0,132.43703752941371,34.3707635896764,,,,,1.0,
B-513243442-S,BOUNDARY,513243442,S,1.0,1.0,132.43280251690285,34.36678578601041,,,,,1.0,
B-513243442-W,BOUNDARY,513243442,W,1.0,1.0,132.43065016730705,34.36884458955731,,,,,1.0,
B-513243443-E,BOUNDARY,513243443,E,1.0,0.0,132.43063783846236,34.37238091061852,,,,,1.0,
B-513243443-N,BOUNDARY,513243443,N,1.0,1.0,132.42673733399192,34.3752490574786,,,,,1.0,
B-513243443-S,BOUNDARY,513243443,S,1.0,1.0,132.4309521226165,34.37080843971946,,,,,1.0,
B-513243443-W,BOUNDARY,513243443,W,1.0,1.0,132.42525515349692,34.37354541931263,,,,,1.0,
B-513243444-E,BOUNDARY,513243444,E,1.0,1.0,132.43777429974804,34.37197107103048,,,,,1.0,
B-513243444-N,BOUNDARY,513243444,N,1.0,1.0,132.43513099932096,34.374998484241694,,,,,1.0,
B-513243444-S,BOUNDARY,513243444,S,1.0,1.0,132.43703752941371,34.3707635896764,,,,,1.0,
B-513243444-W,BOUNDARY,513243444,W,1.0,0.0,132.43063783846236,34.37238091061852,,,,,1.0,
B-513243451-E,BOUNDARY,513243451,E,1.0,1.0,132.44421645025153,34.37015425915392,,,,,1.0,
B-513243451-N,BOUNDARY,513243451,N,1.0,1.0,132.43926732368158,34.371215155247654,,,,,1.0,
B-513243451-S,BOUNDARY,513243451,S,1.0,1.0,132.44182564092145,34.36653554337616,,,,,1.0,
B-513243451-W,BOUNDARY,513243451,W,1.0,1.0,132.43735112803145,34.36957745595833,,,,,1.0,
B-513243452-E,BOUNDARY,513243452,E,1.0,1.0,132.44963646422565,34.3700365856682,,,,,1.0,
B-513243452-N,BOUNDARY,513243452,N,1.0,1.0,132.44978782972538,34.3706015487669,,,,,1.0,
B-513243452-S,BOUNDARY,513243452,S,1.0,1.0,132.44503346753726,34.366548307352986,,,,,1.0,
B-513243452-W,BOUNDARY,513243452,W,1.0,1.0,132.44421645025153,34.37015425915392,,,,,1.0,
B-513243453-E,BOUNDARY,513243453,E,1.0,1.0,132.44361467929133,34.37231675444957,,,,,1.0,
B-513243453-N,BOUNDARY,513243453,N,1.0,1.0,132.43902475749576,34.375182617077115,,,,,1.0,
B-513243453-S,BOUNDARY,513243453,S,1.0,1.0,132.43926732368158,34.371215155247654,,,,,1.0,
B-513243453-W,BOUNDARY,513243453,W,1.0,1.0,132.43777429974804,34.37197107103048,,,,,1.0,
B-513243454-E,BOUNDARY,513243454,E,1.0,1.0,132.4499638769138,34.37398534950699,,,,,1.0,
B-513243454-N,BOUNDARY,513243454,N,1.0,1.0,132.44859697857913,34.37543661917236,,,,,1.0,
B-513243454-S,BOUNDARY,513243454,S,1.0,1.0,132.44424274388777,34.3707954310126,,,,,1.0,
B-513243454-W,BOUNDARY,513243454,W,1.0,1.0,132.44361467929133,34.37231675444957,,,,,1.0,
B-513243461-E,BOUNDARY,513243461,E,1.0,0.0,132.45875660902175,34.36567328538462,,,,,1.0,
B-513243461-N,BOUNDARY,513243461,N,1.0,1.0,132.45056904434486,34.37120961682935,,,,,1.0,
B-513243461-S,BOUNDARY,513243461,S,1.0,1.0,132.45017399048933,34.36681336867774,,,,,1.0,
B-513243461-W,BOUNDARY,513243461,W,1.0,1.0,132.44963646422565,34.3700365856682,,,,,1.0,
B-513243462-E,BOUNDARY,513243462,E,1.0,1.0,132.46243988402108,34.36751349832991,,,,,1.0,
B-513243462-N,BOUNDARY,513243462,N,1.0,1.0,132.4618706772621,34.37102473605643,,,,,1.0,
B-513243462-S,BOUNDARY,513243462,S,1.0,1.0,132.46126572467597,34.36660122343803,,,,,1.0,
B-513243462-W,BOUNDARY,513243462,W,1.0,0.0,132.45875660902175,34.36567328538462,,,,,1.0,
B-513243463-E,BOUNDARY,513243463,E,1.0,0.0,132.45678130196413,34.3733997199186,,,,,1.0,
B-513243463-N,BOUNDARY,513243463,N,1.0,1.0,132.45462220064712,34.37502183242639,,,,,1.0,
B-513243463-S,BOUNDARY,513243463,S,1.0,1.0,132.45056904434486,34.37120961682935,,,,,1.0,
B-513243463-W,BOUNDARY,513243463,W,1.0,1.0,132.4499638769138,34.37398534950699,,,,,1.0,
B-513243464-E,BOUNDARY,513243464,E,1.0,1.0,132.46231705236934,34.37079032531247,,,,,1.0,
B-513243464-N,BOUNDARY,513243464,N,1.0,1.0,132.4585316207655,34.375049423281716,,,,,1.0,
B-513243464-S,BOUNDARY,513243464,S,1.0,1.0,132.4618706772621,34.37102473605643,,,,,1.0,
B-513243464-W,BOUNDARY,513243464,W,1.0,0.0,132.45678130196413,34.3733997199186,,,,,1.0,
B-513243471-E,BOUNDARY,513243471,E,1.0,1.0,132.45046741114288,34.38430318487195,,,,,1.0,
B-513243471-N,BOUNDARY,513243471,N,1.0,1.0,132.44431460880452,34.38464106054647,,,,,1.0,
B-513243471-S,BOUNDARY,513243471,S,1.0,0.0,132.44355859930698,34.38463098568055,,,,,1.0,
B-513243471-W,BOUNDARY,513243471,W,1.0,1.0,132.46243988402108,34.36751349832991,,,,,1.0,
B-513243472-E,BOUNDARY,513243472,E,1.0,1.0,132.47515833940218,34.36873070807444,,,,,1.0,
B-513243472-N,BOUNDARY,513243472,N,1.0,1.0,132.44977663086112,34.384540407160614,,,,,1.0,
B-513243472-S,BOUNDARY,513243472,S,1.0,0.0,132.47487082366305,34.365721410066364,,,,,1.0,
B-513243472-W,BOUNDARY,513243472,W,1.0,1.0,132.45046741114288,34.38430318487195,,,,,1.0,
B-513243473-E,BOUNDARY,513243473,E,1.0,1.0,132.4456339385567,34.387322008690056,,,,,1.0,
B-513243473-N,BOUNDARY,513243473,N,1.0,1.0,132.44071981703573,34.379628102669365,,,,,1.0,
B-513243473-S,BOUNDARY,513243473,S,1.0,1.0,132.44431460880452,34.38464106054647,,,,,1.0,
B-513243473-W,BOUNDARY,513243473,W,1.0,1.0,132.44582514792853,34.384967086605585,,,,,1.0,
B-513243474-E,BOUNDARY,513243474,E,1.0,1.0,132.44228512831123,34.385402114671436,,,,,1.0,
B-513243474-N,BOUNDARY,513243474,N,1.0,1.0,132.4691992117791,34.37501716308014,,,,,1.0,
B-513243474-S,BOUNDARY,513243474,S,1.0,1.0,132.44977663086112,34.384540407160614,,,,,1.0,
B-513243474-W,BOUNDARY,513243474,W,1.0,1.0,132.4456339385567,34.387322008690056,,,,,1.0,
B-513243481-E,BOUNDARY,513243481,E,1.0,1.0,132.48125415317426,34.36802433724825,,,,,1.0,
B-513243481-N,BOUNDARY,513243481,N,1.0,1.0,132.47570289332853,34.37052621101216,,,,,1.0,
B-513243481-S,BOUNDARY,513243481,S,1.0,1.0,132.47599519747504,34.367083387285284,,,,,1.0,
B-513243481-W,BOUNDARY,513243481,W,1.0,1.0,132.47515833940218,34.36873070807444,,,,,1.0,
B-513243482-E,BOUNDARY,513243482,E,0.0,1.0,132.48746334900574,34.36748999129981,,,,,1.0,
B-513243482-N,BOUNDARY,513243482,N,1.0,1.0,132.4873577423267,34.370802586541224,,,,,1.0,
B-513243482-S,BOUNDARY,513243482,S,1.0,1.0,132.48469441863088,34.36679229207829,,,,,1.0,
B-513243482-W,BOUNDARY,513243482,W,1.0,1.0,132.48125415317426,34.36802433724825,,,,,1.0,
B-513243483-E,BOUNDARY,513243483,E,1.0,1.0,132.48127545499202,34.37290988488988,,,,,1.0,
B-513243483-N,BOUNDARY,513243483,N,1.0,1.0,132.47681173953362,34.37483552947352,,,,,1.0,
B-513243483-S,BOUNDARY,513243483,S,1.0,1.0,132.47570289332853,34.37052621101216,,,,,1.0,
B-513243483-W,BOUNDARY,513243483,W,1.0,1.0,132.44228512831123,34.385402114671436,,,,,1.0,
B-513243484-E,BOUNDARY,513243484,E,1.0,1.0,132.4874978911379,34.3718517111256,,,,,1.0,
B-513243484-N,BOUNDARY,513243484,N,1.0,1.0,132.4849145444974,34.37465226818139,,,,,1.0,
B-513243484-S,BOUNDARY,513243484,S,1.0,1.0,132.4873577423267,34.370802586541224,,,,,1.0,
B-513243484-W,BOUNDARY,513243484,W,1.0,1.0,132.48127545499202,34.37290988488988,,,,,1.0,
B-513243491-E,BOUNDARY,513243491,E,0.0,0.0,,,,,,,1.0,
B-513243491-N,BOUNDARY,513243491,N,0.0,0.0,,,,,,,1.0,
B-513243491-S,BOUNDARY,513243491,S,0.0,0.0,,,,,,,1.0,
B-513243491-W,BOUNDARY,513243491,W,0.0,1.0,132.48746334900574,34.36748999129981,,,,,1.0,
B-513243493-E,BOUNDARY,513243493,E,0.0,0.0,,,,,,,1.0,
B-513243493-N,BOUNDARY,513243493,N,0.0,0.0,,,,,,,1.0,
B-513243493-S,BOUNDARY,513243493,S,0.0,0.0,,,,,,,1.0,
B-513243493-W,BOUNDARY,513243493,W,1.0,1.0,132.4874978911379,34.3718517111256,,,,,1.0,
B-513243532-E,BOUNDARY,513243532,E,1.0,1.0,132.4251308155817,34.375152363114765,,,,,1.0,
B-513243532-N,BOUNDARY,513243532,N,0.0,0.0,,,,,,,1.0,
B-513243532-S,BOUNDARY,513243532,S,0.0,0.0,,,,,,,1.0,
B-513243532-W,BOUNDARY,513243532,W,0.0,0.0,,,,,,,1.0,
B-513243534-E,BOUNDARY,513243534,E,1.0,1.0,132.42569490714678,34.38295184616764,,,,,1.0,
B-513243534-N,BOUNDARY,513243534,N,1.0,0.0,132.42453036220104,34.384368170021155,,,,,1.0,
B-513243534-S,BOUNDARY,513243534,S,0.0,0.0,,,,,,,1.0,
B-513243534-W,BOUNDARY,513243534,W,0.0,0.0,,,,,,,1.0,
B-513243541-E,BOUNDARY,513243541,E,1.0,1.0,132.4313061648148,34.37847233379116,,,,,1.0,
B-513243541-N,BOUNDARY,513243541,N,1.0,1.0,132.42973986805146,34.37931055101208,,,,,1.0,
B-513243541-S,BOUNDARY,513243541,S,1.0,1.0,132.42673733399192,34.3752490574786,,,,,1.0,
B-513243541-W,BOUNDARY,513243541,W,1.0,1.0,132.42508398561944,34.37657507475566,,,,,1.0,
B-513243542-E,BOUNDARY,513243542,E,1.0,1.0,132.43718964929525,34.3779930817472,,,,,1.0,
B-513243542-N,BOUNDARY,513243542,N,1.0,1.0,132.4315652301016,34.37904619678992,,,,,1.0,
B-513243542-S,BOUNDARY,513243542,S,1.0,1.0,132.43513099932096,34.374998484241694,,,,,1.0,
B-513243542-W,BOUNDARY,513243542,W,1.0,1.0,132.43073250220823,34.37899332293522,,,,,1.0,
B-513243543-E,BOUNDARY,513243543,E,1.0,1.0,132.4308514719341,34.382451282085114,,,,,1.0,
B-513243543-N,BOUNDARY,513243543,N,1.0,1.0,132.42773493419034,34.383127571984716,,,,,1.0,
B-513243543-S,BOUNDARY,513243543,S,1.0,1.0,132.42973986805146,34.37931055101208,,,,,1.0,
B-513243543-W,BOUNDARY,513243543,W,1.0,1.0,132.42569490714678,34.38295184616764,,,,,1.0,
B-513243544-E,BOUNDARY,513243544,E,1.0,1.0,132.43737523053673,34.38108483474069,,,,,1.0,
B-513243544-N,BOUNDARY,513243544,N,1.0,1.0,132.4329799690879,34.383364340670276,,,,,1.0,
B-513243544-S,BOUNDARY,513243544,S,1.0,1.0,132.4310293055508,34.379454394624574,,,,,1.0,
B-513243544-W,BOUNDARY,513243544,W,1.0,1.0,132.4308514719341,34.382451282085114,,,,,1.0,
B-513243551-E,BOUNDARY,513243551,E,0.0,1.0,132.443723055618,34.37579116065652,,,,,1.0,
B-513243551-N,BOUNDARY,513243551,N,1.0,1.0,132.44222202909955,34.37925996721734,,,,,1.0,
B-513243551-S,BOUNDARY,513243551,S,1.0,1.0,132.43902475749576,34.375182617077115,,,,,1.0,
B-513243551-W,BOUNDARY,513243551,W,1.0,1.0,132.43718964929525,34.3779930817472,,,,,1.0,
B-513243552-E,BOUNDARY,513243552,E,1.0,1.0,132.4504555976902,34.37584534651297,,,,,1.0,
B-513243552-N,BOUNDARY,513243552,N,1.0,1.0,132.44871741205844,34.37888660401635,,,,,1.0,
B-513243552-S,BOUNDARY,513243552,S,1.0,1.0,132.44859697857913,34.37543661917236,,,,,1.0,
B-513243552-W,BOUNDARY,513243552,W,0.0,1.0,132.443723055618,34.37579116065652,,,,,1.0,
B-513243553-E,BOUNDARY,513243553,E,1.0,1.0,132.44378360249706,34.38174432474737,,,,,1.0,
B-513243553-N,BOUNDARY,513243553,N,1.0,1.0,132.43994815810868,34.38337552006144,,,,,1.0,
B-513243553-S,BOUNDARY,513243553,S,1.0,1.0,132.44222202909955,34.37925996721734,,,,,1.0,
B-513243553-W,BOUNDARY,513243553,W,1.0,1.0,132.43737523053673,34.38108483474069,,,,,1.0,
B-513243554-E,BOUNDARY,513243554,E,1.0,1.0,132.44985012186763,34.38211896053237,,,,,1.0,
B-513243554-N,BOUNDARY,513243554,N,1.0,1.0,132.44798629489165,34.38318550421704,,,,,1.0,
B-513243554-S,BOUNDARY,513243554,S,1.0,1.0,132.4501435185638,34.37937536985752,,,,,1.0,
B-513243554-W,BOUNDARY,513243554,W,1.0,1.0,132.44378360249706,34.38174432474737,,,,,1.0,
B-513243561-E,BOUNDARY,513243561,E,1.0,1.0,132.45642388041296,34.37798564331077,,,,,1.0,
B-513243561-N,BOUNDARY,513243561,N,1.0,1.0,132.45493958361874,34.379066223913924,,,,,1.0,
B-513243561-S,BOUNDARY,513243561,S,1.0,1.0,132.45040568334338,34.37510612194244,,,,,1.0,
B-513243561-W,BOUNDARY,513243561,W,1.0,1.0,132.4504555976902,34.37584534651297,,,,,1.0,
B-513243562-E,BOUNDARY,513243562,E,0.0,0.0,,,,,,,1.0,
B-513243562-N,BOUNDARY,513243562,N,1.0,1.0,132.4591232033583,34.379221784182185,,,,,1.0,
B-513243562-S,BOUNDARY,513243562,S,1.0,1.0,132.4585316207655,34.375049423281716,,,,,1.0,
B-513243562-W,BOUNDARY,513243562,W,1.0,1.0,132.45642388041296,34.37798564331077,,,,,1.0,
B-513243563-E,BOUNDARY,513243563,E,1.0,0.0,132.4559055897523,34.3810272234937,,,,,1.0,
B-513243563-N,BOUNDARY,513243563,N,1.0,1.0,132.4518959052448,34.38326540300623,,,,,1.0,
B-513243563-S,BOUNDARY,513243563,S,1.0,1.0,132.4501435185638,34.37937536985752,,,,,1.0,
B-513243563-W,BOUNDARY,513243563,W,1.0,1.0,132.44985012186763,34.38211896053237,,,,,1.0,
B-513243564-E,BOUNDARY,513243564,E,1.0,1.0,132.46258344265462,34.38116406080613,,,,,1.0,
B-513243564-N,BOUNDARY,513243564,N,1.0,1.0,132.4566899565728,34.38329431912423,,,,,1.0,
B-513243564-S,BOUNDARY,513243564,S,1.0,1.0,132.4591232033583,34.379221784182185,,,,,1.0,
B-513243564-W,BOUNDARY,513243564,W,1.0,0.0,132.4559055897523,34.3810272234937,,,,,1.0,
B-513243571-E,BOUNDARY,513243571,E,1.0,1.0,132.46930608712395,34.37601419663448,,,,,1.0,
B-513243571-N,BOUNDARY,513243571,N,1.0,1.0,132.4672095919474,34.37904437705251,,,,,1.0,
B-513243571-S,BOUNDARY,513243571,S,1.0,1.0,132.44071981703573,34.379628102669365,,,,,1.0,
B-513243571-W,BOUNDARY,513243571,W,1.0,0.0,132.46260054509233,34.37585656569015,,,,,1.0,
B-513243572-E,BOUNDARY,513243572,E,1.0,1.0,132.47517346798105,34.378848793019294,,,,,1.0,
B-513243572-N,BOUNDARY,513243572,N,1.0,1.0,132.47077531187145,34.37922195298467,,,,,1.0,
B-513243572-S,BOUNDARY,513243572,S,1.0,1.0,132.4691992117791,34.37501716308014,,,,,1.0,
B-513243572-W,BOUNDARY,513243572,W,1.0,1.0,132.46930608712395,34.37601419663448,,,,,1.0,
B-513243573-E,BOUNDARY,513243573,E,1.0,0.0,132.4690364680895,34.38109363722475,,,,,1.0,
B-513243573-N,BOUNDARY,513243573,N,1.0,1.0,132.46594826656846,34.383277799869866,,,,,1.0,
B-513243573-S,BOUNDARY,513243573,S,1.0,1.0,132.4672095919474,34.37904437705251,,,,,1.0,
B-513243573-W,BOUNDARY,513243573,W,1.0,1.0,132.46258344265462,34.38116406080613,,,,,1.0,
B-513243574-E,BOUNDARY,513243574,E,1.0,0.0,132.4745078388087,34.38119458873453,,,,,1.0,
B-513243574-N,BOUNDARY,513243574,N,1.0,0.0,132.4487846047448,34.387625801662644,,,,,1.0,
B-513243574-S,BOUNDARY,513243574,S,1.0,1.0,132.47077531187145,34.37922195298467,,,,,1.0,
B-513243574-W,BOUNDARY,513243574,W,1.0,0.0,132.4690364680895,34.38109363722475,,,,,1.0,
B-513243581-E,BOUNDARY,513243581,E,1.0,1.0,132.4811768583417,34.377536953393495,,,,,1.0,
B-513243581-N,BOUNDARY,513243581,N,1.0,1.0,132.4814751427486,34.379168126125194,,,,,1.0,
B-513243581-S,BOUNDARY,513243581,S,1.0,1.0,132.47681173953362,34.37483552947352,,,,,1.0,
B-513243581-W,BOUNDARY,513243581,W,1.0,1.0,132.47517346798105,34.378848793019294,,,,,1.0,
B-513243582-E,BOUNDARY,513243582,E,1.0,1.0,132.48735681330027,34.37545006750065,,,,,1.0,
B-513243582-N,BOUNDARY,513243582,N,1.0,1.0,132.48289383592618,34.37907387893124,,,,,1.0,
B-513243582-S,BOUNDARY,513243582,S,1.0,1.0,132.4849145444974,34.37465226818139,,,,,1.0,
B-513243582-W,BOUNDARY,513243582,W,1.0,1.0,132.4811768583417,34.377536953393495,,,,,1.0,
B-513243583-E,BOUNDARY,513243583,E,1.0,0.0,132.48104695632136,34.38122315025728,,,,,1.0,
B-513243583-N,BOUNDARY,513243583,N,1.0,1.0,132.4794804502516,34.38331776668503,,,,,1.0,
B-513243583-S,BOUNDARY,513243583,S,1.0,1.0,132.47611065771287,34.37915434304146,,,,,1.0,
B-513243583-W,BOUNDARY,513243583,W,1.0,0.0,132.4745078388087,34.38119458873453,,,,,1.0,
B-513243584-E,BOUNDARY,513243584,E,1.0,1.0,132.48730189085194,34.381307965314406,,,,,1.0,
B-513243584-N,BOUNDARY,513243584,N,1.0,1.0,132.48547341827705,34.38328762271634,,,,,1.0,
B-513243584-S,BOUNDARY,513243584,S,1.0,1.0,132.48188700084538,34.37903795926304,,,,,1.0,
B-513243584-W,BOUNDARY,513243584,W,1.0,0.0,132.48104695632136,34.38122315025728,,,,,1.0,
B-513243591-E,BOUNDARY,513243591,E,0.0,0.0,,,,,,,1.0,
B-513243591-N,BOUNDARY,513243591,N,0.0,0.0,,,,,,,1.0,
B-513243591-S,BOUNDARY,513243591,S,0.0,0.0,,,,,,,1.0,
B-513243591-W,BOUNDARY,513243591,W,1.0,1.0,132.48735681330027,34.37545006750065,,,,,1.0,
B-513243593-E,BOUNDARY,513243593,E,0.0,0.0,,,,,,,1.0,
B-513243593-N,BOUNDARY,513243593,N,0.0,1.0,132.4873767727116,34.38325467361329,,,,,1.0,
B-513243593-S,BOUNDARY,513243593,S,0.0,0.0,,,,,,,1.0,
B-513243593-W,BOUNDARY,513243593,W,1.0,1.0,132.48730189085194,34.381307965314406,,,,,1.0,
B-513243632-E,BOUNDARY,513243632,E,1.0,0.0,132.42453036220104,34.384368170021155,,,,,1.0,
B-513243632-N,BOUNDARY,513243632,N,0.0,0.0,,,,,,,1.0,
B-513243632-S,BOUNDARY,513243632,S,0.0,0.0,,,,,,,1.0,
B-513243632-W,BOUNDARY,513243632,W,0.0,0.0,,,,,,,1.0,
B-513243634-E,BOUNDARY,513243634,E,1.0,1.0,132.42506608559728,34.39163833039754,,,,,1.0,
B-513243634-N,BOUNDARY,513243634,N,0.0,0.0,,,,,,,1.0,
B-513243634-S,BOUNDARY,513243634,S,0.0,0.0,,,,,,,1.0,
B-513243634-W,BOUNDARY,513243634,W,0.0,0.0,,,,,,,1.0,
B-513243641-E,BOUNDARY,513243641,E,1.0,1.0,132.43105864814868,34.38426475078732,,,,,1.0,
B-513243641-N,BOUNDARY,513243641,N,1.0,1.0,132.42732884375533,34.38747296815232,,,,,1.0,
B-513243641-S,BOUNDARY,513243641,S,1.0,1.0,132.42773493419034,34.383127571984716,,,,,1.0,
B-513243641-W,BOUNDARY,513243641,W,1.0,0.0,132.42453036220104,34.384368170021155,,,,,1.0,
B-513243642-E,BOUNDARY,513243642,E,1.0,1.0,132.43744651547163,34.3867584590831,,,,,1.0,
B-513243642-N,BOUNDARY,513243642,N,1.0,1.0,132.433979738191,34.38755293477776,,,,,1.0,
B-513243642-S,BOUNDARY,513243642,S,1.0,1.0,132.4329799690879,34.383364340670276,,,,,1.0,
B-513243642-W,BOUNDARY,513243642,W,1.0,1.0,132.43105864814868,34.38426475078732,,,,,1.0,
B-513243643-E,BOUNDARY,513243643,E,1.0,0.0,132.4315787937599,34.388409723895045,,,,,1.0,
B-513243643-N,BOUNDARY,513243643,N,1.0,0.0,132.43051534635617,34.3929478976112,,,,,1.0,
B-513243643-S,BOUNDARY,513243643,S,1.0,1.0,132.42732884375533,34.38747296815232,,,,,1.0,
B-513243643-W,BOUNDARY,513243643,W,1.0,1.0,132.42509486354223,34.390806458962786,,,,,1.0,
B-513243644-E,BOUNDARY,513243644,E,1.0,1.0,132.43809421798957,34.390149990252844,,,,,1.0,
B-513243644-N,BOUNDARY,513243644,N,1.0,1.0,132.43237533048728,34.39186040076129,,,,,1.0,
B-513243644-S,BOUNDARY,513243644,S,1.0,1.0,132.433979738191,34.38755293477776,,,,,1.0,
B-513243644-W,BOUNDARY,513243644,W,1.0,0.0,132.4315787937599,34.388409723895045,,,,,1.0,
B-513243651-E,BOUNDARY,513243651,E,1.0,1.0,132.44365868225512,34.38454186625451,,,,,1.0,
B-513243651-N,BOUNDARY,513243651,N,1.0,1.0,132.4405113615114,34.387307229537804,,,,,1.0,
B-513243651-S,BOUNDARY,513243651,S,1.0,1.0,132.43994815810868,34.38337552006144,,,,,1.0,
B-513243651-W,BOUNDARY,513243651,W,1.0,1.0,132.43744651547163,34.3867584590831,,,,,1.0,
B-513243652-E,BOUNDARY,513243652,E,1.0,0.0,132.44987287153623,34.38495520708891,,,,,1.0,
B-513243652-N,BOUNDARY,513243652,N,1.0,1.0,132.44939929247573,34.38768054880645,,,,,1.0,
B-513243652-S,BOUNDARY,513243652,S,1.0,1.0,132.44798629489165,34.38318550421704,,,,,1.0,
B-513243652-W,BOUNDARY,513243652,W,1.0,1.0,132.44365868225512,34.38454186625451,,,,,1.0,
B-513243653-E,BOUNDARY,513243653,E,1.0,1.0,132.4437706340559,34.39175688849832,,,,,1.0,
B-513243653-N,BOUNDARY,513243653,N,1.0,1.0,132.44183585158987,34.39174560033001,,,,,1.0,
B-513243653-S,BOUNDARY,513243653,S,1.0,1.0,132.4405113615114,34.387307229537804,,,,,1.0,
B-513243653-W,BOUNDARY,513243653,W,1.0,1.0,132.43809421798957,34.390149990252844,,,,,1.0,
B-513243654-E,BOUNDARY,513243654,E,1.0,0.0,132.4500121218491,34.38961339089546,,,,,1.0,
B-513243654-N,BOUNDARY,513243654,N,1.0,1.0,132.44421532892198,34.39185947939278,,,,,1.0,
B-513243654-S,BOUNDARY,513243654,S,1.0,1.0,132.44939929247573,34.38768054880645,,,,,1.0,
B-513243654-W,BOUNDARY,513243654,W,1.0,1.0,132.44370370724468,34.38951746449913,,,,,1.0,
B-513243661-E,BOUNDARY,513243661,E,1.0,0.0,132.45682043852725,34.38555426997723,,,,,1.0,
B-513243661-N,BOUNDARY,513243661,N,1.0,0.0,132.4515722915749,34.38761817837282,,,,,1.0,
B-513243661-S,BOUNDARY,513243661,S,1.0,1.0,132.4518959052448,34.38326540300623,,,,,1.0,
B-513243661-W,BOUNDARY,513243661,W,1.0,0.0,132.44987287153623,34.38495520708891,,,,,1.0,
B-513243662-E,BOUNDARY,513243662,E,1.0,0.0,132.46219961548786,34.385885576515484,,,,,1.0,
B-513243662-N,BOUNDARY,513243662,N,1.0,1.0,132.4611529839216,34.38744754634822,,,,,1.0,
B-513243662-S,BOUNDARY,513243662,S,1.0,1.0,132.4566899565728,34.38329431912423,,,,,1.0,
B-513243662-W,BOUNDARY,513243662,W,1.0,0.0,132.45682043852725,34.38555426997723,,,,,1.0,
B-513243663-E,BOUNDARY,513243663,E,1.0,0.0,132.45596418159442,34.38768887306013,,,,,1.0,
B-513243663-N,BOUNDARY,513243663,N,1.0,1.0,132.45586022295615,34.39220943783243,,,,,1.0,
B-513243663-S,BOUNDARY,513243663,S,1.0,0.0,132.4515722915749,34.38761817837282,,,,,1.0,
B-513243663-W,BOUNDARY,513243663,W,1.0,0.0,132.4500121218491,34.38961339089546,,,,,1.0,
B-513243664-E,BOUNDARY,513243664,E,1.0,0.0,132.46234819848917,34.388089471588074,,,,,1.0,
B-513243664-N,BOUNDARY,513243664,N,1.0,1.0,132.46226939709044,34.39172439213034,,,,,1.0,
B-513243664-S,BOUNDARY,513243664,S,1.0,1.0,132.4611529839216,34.38744754634822,,,,,1.0,
B-513243664-W,BOUNDARY,513243664,W,1.0,0.0,132.4560659977974,34.38878389793069,,,,,1.0,
B-513243671-E,BOUNDARY,513243671,E,1.0,0.0,132.44292957706267,34.38582223540158,,,,,1.0,
B-513243671-N,BOUNDARY,513243671,N,1.0,0.0,132.4448446914661,34.384213825721964,,,,,1.0,
B-513243671-S,BOUNDARY,513243671,S,1.0,1.0,132.46594826656846,34.383277799869866,,,,,1.0,
B-513243671-W,BOUNDARY,513243671,W,1.0,0.0,132.46219961548786,34.385885576515484,,,,,1.0,
B-513243672-E,BOUNDARY,513243672,E,1.0,0.0,132.4748134125534,34.38604079589521,,,,,1.0,
B-513243672-N,BOUNDARY,513243672,N,1.0,0.0,132.44944835514588,34.38637160816313,,,,,1.0,
B-513243672-S,BOUNDARY,513243672,S,1.0,0.0,132.4487846047448,34.387625801662644,,,,,1.0,
B-513243672-W,BOUNDARY,513243672,W,1.0,0.0,132.44292957706267,34.38582223540158,,,,,1.0,
B-513243673-E,BOUNDARY,513243673,E,1.0,0.0,132.446080303256,34.38603044202582,,,,,1.0,
B-513243673-N,BOUNDARY,513243673,N,1.0,0.0,132.44422183545697,34.384682007494504,,,,,1.0,
B-513243673-S,BOUNDARY,513243673,S,1.0,0.0,132.4448446914661,34.384213825721964,,,,,1.0,
B-513243673-W,BOUNDARY,513243673,W,1.0,0.0,132.46234819848917,34.388089471588074,,,,,1.0,
B-513243674-E,BOUNDARY,513243674,E,1.0,1.0,132.44490451524987,34.381475071670735,,,,,1.0,
B-513243674-N,BOUNDARY,513243674,N,1.0,1.0,132.47218502234372,34.391694373232575,,,,,1.0,
B-513243674-S,BOUNDARY,513243674,S,1.0,0.0,132.44944835514588,34.38637160816313,,,,,1.0,
B-513243674-W,BOUNDARY,513243674,W,1.0,0.0,132.446080303256,34.38603044202582,,,,,1.0,
B-513243681-E,BOUNDARY,513243681,E,1.0,1.0,132.48164059270795,34.386974271002664,,,,,1.0,
B-513243681-N,BOUNDARY,513243681,N,1.0,1.0,132.47607707637314,34.38707953221002,,,,,1.0,
B-513243681-S,BOUNDARY,513243681,S,1.0,1.0,132.4794804502516,34.38331776668503,,,,,1.0,
B-513243681-W,BOUNDARY,513243681,W,1.0,0.0,132.4748134125534,34.38604079589521,,,,,1.0,
B-513243682-E,BOUNDARY,513243682,E,1.0,1.0,132.4874251839184,34.38593212696287,,,,,1.0,
B-513243682-N,BOUNDARY,513243682,N,1.0,1.0,132.48189023528775,34.38748461667608,,,,,1.0,
B-513243682-S,BOUNDARY,513243682,S,1.0,1.0,132.48547341827705,34.38328762271634,,,,,1.0,
B-513243682-W,BOUNDARY,513243682,W,1.0,1.0,132.48164059270795,34.386974271002664,,,,,1.0,
B-513243683-E,BOUNDARY,513243683,E,1.0,1.0,132.48135409098626,34.39079276248304,,,,,1.0,
B-513243683-N,BOUNDARY,513243683,N,1.0,1.0,132.4798952128512,34.39155374908682,,,,,1.0,
B-513243683-S,BOUNDARY,513243683,S,1.0,1.0,132.47607707637314,34.38707953221002,,,,,1.0,
B-513243683-W,BOUNDARY,513243683,W,1.0,1.0,132.44490451524987,34.381475071670735,,,,,1.0,
B-513243684-E,BOUNDARY,513243684,E,1.0,1.0,132.48751513579674,34.390153611464186,,,,,1.0,
B-513243684-N,BOUNDARY,513243684,N,0.0,1.0,132.4824073639372,34.39164946219603,,,,,1.0,
B-513243684-S,BOUNDARY,513243684,S,1.0,1.0,132.48189023528775,34.38748461667608,,,,,1.0,
B-513243684-W,BOUNDARY,513243684,W,1.0,1.0,132.48135409098626,34.39079276248304,,,,,1.0,
B-513243691-E,BOUNDARY,513243691,E,0.0,0.0,,,,,,,1.0,
B-513243691-N,BOUNDARY,513243691,N,0.0,0.0,,,,,,,1.0,
B-513243691-S,BOUNDARY,513243691,S,0.0,1.0,132.4873767727116,34.38325467361329,,,,,1.0,
B-513243691-W,BOUNDARY,513243691,W,1.0,1.0,132.4874251839184,34.38593212696287,,,,,1.0,
B-513243693-E,BOUNDARY,513243693,E,0.0,0.0,,,,,,,1.0,
B-513243693-N,BOUNDARY,513243693,N,1.0,0.0,132.48739688483064,34.39137939842854,,,,,1.0,
B-513243693-S,BOUNDARY,513243693,S,0.0,0.0,,,,,,,1.0,
B-513243693-W,BOUNDARY,513243693,W,1.0,1.0,132.48751513579674,34.390153611464186,,,,,1.0,
B-513243732-E,BOUNDARY,513243732,E,0.0,1.0,132.4252783343005,34.39466816089183,,,,,1.0,
B-513243732-N,BOUNDARY,513243732,N,0.0,0.0,,,,,,,1.0,
B-513243732-S,BOUNDARY,513243732,S,1.0,0.0,132.4297277624962,34.389198071194976,,,,,1.0,
B-513243732-W,BOUNDARY,513243732,W,0.0,0.0,,,,,,,1.0,
B-513243734-E,BOUNDARY,513243734,E,1.0,1.0,132.42534513305858,34.396211408467835,,,,,1.0,
B-513243734-N,BOUNDARY,513243734,N,0.0,0.0,,,,,,,1.0,
B-513243734-S,BOUNDARY,513243734,S,0.0,0.0,,,,,,,1.0,
B-513243734-W,BOUNDARY,513243734,W,0.0,0.0,,,,,,,1.0,
B-513243741-E,BOUNDARY,513243741,E,1.0,1.0,132.4312776180519,34.39352514310157,,,,,1.0,
B-513243741-N,BOUNDARY,513243741,N,1.0,1.0,132.4275181609217,34.39586631576596,,,,,1.0,
B-513243741-S,BOUNDARY,513243741,S,1.0,1.0,132.42506608559728,34.39163833039754,,,,,1.0,
B-513243741-W,BOUNDARY,513243741,W,0.0,1.0,132.4252783343005,34.39466816089183,,,,,1.0,
B-513243742-E,BOUNDARY,513243742,E,1.0,1.0,132.43753599593322,34.39295662854952,,,,,1.0,
B-513243742-N,BOUNDARY,513243742,N,1.0,1.0,132.43452455419748,34.39579701373956,,,,,1.0,
B-513243742-S,BOUNDARY,513243742,S,1.0,1.0,132.43237533048728,34.39186040076129,,,,,1.0,
B-513243742-W,BOUNDARY,513243742,W,1.0,1.0,132.4312776180519,34.39352514310157,,,,,1.0,
B-513243743-E,BOUNDARY,513243743,E,1.0,1.0,132.43125933416272,34.39936018229684,,,,,1.0,
B-513243743-N,BOUNDARY,513243743,N,1.0,1.0,132.43072503596005,34.399876819346005,,,,,1.0,
B-513243743-S,BOUNDARY,513243743,S,1.0,1.0,132.4275181609217,34.39586631576596,,,,,1.0,
B-513243743-W,BOUNDARY,513243743,W,1.0,1.0,132.42534513305858,34.396211408467835,,,,,1.0,
B-513243744-E,BOUNDARY,513243744,E,1.0,1.0,132.437527174052,34.398138376474186,,,,,1.0,
B-513243744-N,BOUNDARY,513243744,N,1.0,1.0,132.4355425235388,34.400066470997444,,,,,1.0,
B-513243744-S,BOUNDARY,513243744,S,1.0,1.0,132.43452455419748,34.39579701373956,,,,,1.0,
B-513243744-W,BOUNDARY,513243744,W,1.0,1.0,132.43125933416272,34.39936018229684,,,,,1.0,
B-513243751-E,BOUNDARY,513243751,E,1.0,1.0,132.4437706340559,34.39175688849832,,,,,1.0,
B-513243751-N,BOUNDARY,513243751,N,1.0,1.0,132.44003280220508,34.395772648109364,,,,,1.0,
B-513243751-S,BOUNDARY,513243751,S,1.0,1.0,132.44183585158987,34.39174560033001,,,,,1.0,
B-513243751-W,BOUNDARY,513243751,W,1.0,1.0,132.43753599593322,34.39295662854952,,,,,1.0,
B-513243752-E,BOUNDARY,513243752,E,1.0,1.0,132.4501107730626,34.39483666450607,,,,,1.0,
B-513243752-N,BOUNDARY,513243752,N,1.0,1.0,132.44530870075693,34.39596670168046,,,,,1.0,
B-513243752-S,BOUNDARY,513243752,S,1.0,1.0,132.44421532892198,34.39185947939278,,,,,1.0,
B-513243752-W,BOUNDARY,513243752,W,1.0,1.0,132.4437706340559,34.39175688849832,,,,,1.0,
B-513243753-E,BOUNDARY,513243753,E,1.0,1.0,132.44406648412541,34.39747767176043,,,,,1.0,
B-513243753-N,BOUNDARY,513243753,N,1.0,1.0,132.43903016965928,34.39970006035785,,,,,1.0,
B-513243753-S,BOUNDARY,513243753,S,1.0,1.0,132.44003280220508,34.395772648109364,,,,,1.0,
B-513243753-W,BOUNDARY,513243753,W,1.0,1.0,132.437527174052,34.398138376474186,,,,,1.0,
B-513243754-E,BOUNDARY,513243754,E,1.0,1.0,132.45058832799552,34.39874037644772,,,,,1.0,
B-513243754-N,BOUNDARY,513243754,N,1.0,1.0,132.44658971745653,34.39992325223999,,,,,1.0,
B-513243754-S,BOUNDARY,513243754,S,1.0,1.0,132.44530870075693,34.39596670168046,,,,,1.0,
B-513243754-W,BOUNDARY,513243754,W,1.0,1.0,132.44406648412541,34.39747767176043,,,,,1.0,
B-513243761-E,BOUNDARY,513243761,E,1.0,1.0,132.4561774977864,34.3931213493601,,,,,1.0,
B-513243761-N,BOUNDARY,513243761,N,1.0,0.0,132.45104523436152,34.39545620198465,,,,,1.0,
B-513243761-S,BOUNDARY,513243761,S,1.0,1.0,132.45586022295615,34.39220943783243,,,,,1.0,
B-513243761-W,BOUNDARY,513243761,W,1.0,1.0,132.4501107730626,34.39483666450607,,,,,1.0,
B-513243762-E,BOUNDARY,513243762,E,1.0,1.0,132.46255788783745,34.39284199140101,,,,,1.0,
B-513243762-N,BOUNDARY,513243762,N,1.0,1.0,132.46231002932316,34.395842585237624,,,,,1.0,
B-513243762-S,BOUNDARY,513243762,S,1.0,1.0,132.45949486694101,34.391656413958366,,,,,1.0,
B-513243762-W,BOUNDARY,513243762,W,1.0,1.0,132.4561774977864,34.3931213493601,,,,,1.0,
B-513243763-E,BOUNDARY,513243763,E,1.0,0.0,132.456376297938,34.39866657390508,,,,,1.0,
B-513243763-N,BOUNDARY,513243763,N,1.0,1.0,132.45087149745032,34.40003682390838,,,,,1.0,
B-513243763-S,BOUNDARY,513243763,S,1.0,0.0,132.45104523436152,34.39545620198465,,,,,1.0,
B-513243763-W,BOUNDARY,513243763,W,1.0,1.0,132.45058832799552,34.39874037644772,,,,,1.0,
B-513243764-E,BOUNDARY,513243764,E,1.0,0.0,132.46296489846176,34.39746311950624,,,,,1.0,
B-513243764-N,BOUNDARY,513243764,N,1.0,0.0,132.46113841499553,34.40003645622874,,,,,1.0,
B-513243764-S,BOUNDARY,513243764,S,1.0,1.0,132.46231002932316,34.395842585237624,,,,,1.0,
B-513243764-W,BOUNDARY,513243764,W,1.0,0.0,132.456376297938,34.39866657390508,,,,,1.0,
B-513243771-E,BOUNDARY,513243771,E,1.0,1.0,132.468847883554,34.39394146519812,,,,,1.0,
B-513243771-N,BOUNDARY,513243771,N,1.0,1.0,132.46567026404813,34.395964304842394,,,,,1.0,
B-513243771-S,BOUNDARY,513243771,S,1.0,0.0,132.44422183545697,34.384682007494504,,,,,1.0,
B-513243771-W,BOUNDARY,513243771,W,1.0,1.0,132.46255788783745,34.39284199140101,,,,,1.0,
B-513243772-E,BOUNDARY,513243772,E,1.0,1.0,132.4746651755144,34.394746966069555,,,,,1.0,
B-513243772-N,BOUNDARY,513243772,N,1.0,1.0,132.47110043304482,34.395897030133284,,,,,1.0,
B-513243772-S,BOUNDARY,513243772,S,1.0,1.0,132.47218502234372,34.391694373232575,,,,,1.0,
B-513243772-W,BOUNDARY,513243772,W,1.0,1.0,132.468847883554,34.39394146519812,,,,,1.0,
B-513243773-E,BOUNDARY,513243773,E,1.0,0.0,132.46828347525062,34.39755465625901,,,,,1.0,
B-513243773-N,BOUNDARY,513243773,N,1.0,0.0,132.4656136172724,34.40058343070087,,,,,1.0,
B-513243773-S,BOUNDARY,513243773,S,1.0,1.0,132.46567026404813,34.395964304842394,,,,,1.0,
B-513243773-W,BOUNDARY,513243773,W,1.0,0.0,132.46296489846176,34.39746311950624,,,,,1.0,
B-513243774-E,BOUNDARY,513243774,E,1.0,0.0,132.4745725147635,34.39606346026498,,,,,1.0,
B-513243774-N,BOUNDARY,513243774,N,1.0,1.0,132.47416197080793,34.39995774985843,,,,,1.0,
B-513243774-S,BOUNDARY,513243774,S,1.0,1.0,132.47110043304482,34.395897030133284,,,,,1.0,
B-513243774-W,BOUNDARY,513243774,W,1.0,0.0,132.46828347525062,34.39755465625901,,,,,1.0,
B-513243781-E,BOUNDARY,513243781,E,0.0,1.0,132.48134444851095,34.391614167935536,,,,,1.0,
B-513243781-N,BOUNDARY,513243781,N,0.0,0.0,,,,,,,1.0,
B-513243781-S,BOUNDARY,513243781,S,1.0,1.0,132.4798952128512,34.39155374908682,,,,,1.0,
B-513243781-W,BOUNDARY,513243781,W,1.0,1.0,132.4746651755144,34.394746966069555,,,,,1.0,
B-513243782-E,BOUNDARY,513243782,E,0.0,0.0,,,,,,,1.0,
B-513243782-N,BOUNDARY,513243782,N,0.0,0.0,,,,,,,1.0,
B-513243782-S,BOUNDARY,513243782,S,0.0,1.0,132.4824073639372,34.39164946219603,,,,,1.0,
B-513243782-W,BOUNDARY,513243782,W,0.0,0.0,,,,,,,1.0,
B-513243783-E,BOUNDARY,513243783,E,0.0,0.0,,,,,,,1.0,
B-513243783-N,BOUNDARY,513243783,N,1.0,1.0,132.48074573468693,34.40019345528525,,,,,1.0,
B-513243783-S,BOUNDARY,513243783,S,0.0,0.0,,,,,,,1.0,
B-513243783-W,BOUNDARY,513243783,W,1.0,0.0,132.4745725147635,34.39606346026498,,,,,1.0,
B-513243784-E,BOUNDARY,513243784,E,0.0,0.0,,,,,,,1.0,
B-513243784-N,BOUNDARY,513243784,N,1.0,1.0,132.48646158858244,34.40007557347963,,,,,1.0,
B-513243784-S,BOUNDARY,513243784,S,0.0,0.0,,,,,,,1.0,
B-513243784-W,BOUNDARY,513243784,W,0.0,0.0,,,,,,,1.0,
B-513243791-E,BOUNDARY,513243791,E,0.0,0.0,,,,,,,1.0,
B-513243791-N,BOUNDARY,513243791,N,0.0,0.0,,,,,,,1.0,
B-513243791-S,BOUNDARY,513243791,S,1.0,0.0,132.48739688483064,34.39137939842854,,,,,1.0,
B-513243791-W,BOUNDARY,513243791,W,0.0,0.0,,,,,,,1.0,
B-513243832-E,BOUNDARY,513243832,E,1.0,1.0,132.42523441687695,34.40029885624863,,,,,1.0,
B-513243832-N,BOUNDARY,513243832,N,0.0,0.0,,,,,,,1.0,
B-513243832-S,BOUNDARY,513243832,S,0.0,0.0,,,,,,,1.0,
B-513243832-W,BOUNDARY,513243832,W,0.0,0.0,,,,,,,1.0,
B-513243834-E,BOUNDARY,513243834,E,0.0,1.0,132.42510927288515,34.40545051858753,,,,,1.0,
B-513243834-N,BOUNDARY,513243834,N,0.0,0.0,,,,,,,1.0,
B-513243834-S,BOUNDARY,513243834,S,0.0,0.0,,,,,,,1.0,
B-513243834-W,BOUNDARY,513243834,W,0.0,0.0,,,,,,,1.0,
B-513243841-E,BOUNDARY,513243841,E,1.0,1.0,132.43072503596005,34.399876819346005,,,,,1.0,
B-513243841-N,BOUNDARY,513243841,N,1.0,1.0,132.42864375855788,34.40428207148466,,,,,1.0,
B-513243841-S,BOUNDARY,513243841,S,1.0,1.0,132.42777299189382,34.40008920336238,,,,,1.0,
B-513243841-W,BOUNDARY,513243841,W,1.0,1.0,132.42523441687695,34.40029885624863,,,,,1.0,
B-513243842-E,BOUNDARY,513243842,E,1.0,1.0,132.43709331904998,34.40177073277788,,,,,1.0,
B-513243842-N,BOUNDARY,513243842,N,1.0,1.0,132.43258619459814,34.40421372498319,,,,,1.0,
B-513243842-S,BOUNDARY,513243842,S,1.0,1.0,132.4355425235388,34.400066470997444,,,,,1.0,
B-513243842-W,BOUNDARY,513243842,W,1.0,1.0,132.43126421445746,34.40094812258104,,,,,1.0,
B-513243843-E,BOUNDARY,513243843,E,1.0,0.0,132.43131484953435,34.405016905190806,,,,,1.0,
B-513243843-N,BOUNDARY,513243843,N,0.0,0.0,,,,,,,1.0,
B-513243843-S,BOUNDARY,513243843,S,1.0,1.0,132.42864375855788,34.40428207148466,,,,,1.0,
B-513243843-W,BOUNDARY,513243843,W,0.0,1.0,132.42510927288515,34.40545051858753,,,,,1.0,
B-513243844-E,BOUNDARY,513243844,E,1.0,1.0,132.43740659559376,34.406280911696456,,,,,1.0,
B-513243844-N,BOUNDARY,513243844,N,1.0,1.0,132.43590644369968,34.40821025678755,,,,,1.0,
B-513243844-S,BOUNDARY,513243844,S,1.0,1.0,132.43258619459814,34.40421372498319,,,,,1.0,
B-513243844-W,BOUNDARY,513243844,W,1.0,0.0,132.43131484953435,34.405016905190806,,,,,1.0,
B-513243851-E,BOUNDARY,513243851,E,1.0,0.0,132.44346343769544,34.400062703691944,,,,,1.0,
B-513243851-N,BOUNDARY,513243851,N,0.0,0.0,,,,,,,1.0,
B-513243851-S,BOUNDARY,513243851,S,1.0,1.0,132.43903016965928,34.39970006035785,,,,,1.0,
B-513243851-W,BOUNDARY,513243851,W,1.0,1.0,132.43709331904998,34.40177073277788,,,,,1.0,
B-513243852-E,BOUNDARY,513243852,E,0.0,1.0,132.45028236620226,34.4038463939858,,,,,1.0,
B-513243852-N,BOUNDARY,513243852,N,0.0,0.0,,,,,,,1.0,
B-513243852-S,BOUNDARY,513243852,S,1.0,1.0,132.44658971745653,34.39992325223999,,,,,1.0,
B-513243852-W,BOUNDARY,513243852,W,1.0,0.0,132.44346343769544,34.400062703691944,,,,,1.0,
B-513243853-E,BOUNDARY,513243853,E,0.0,0.0,,,,,,,1.0,
B-513243853-N,BOUNDARY,513243853,N,0.0,1.0,132.43876037317742,34.408415096113906,,,,,1.0,
B-513243853-S,BOUNDARY,513243853,S,1.0,0.0,132.4371332773251,34.4045519483205,,,,,1.0,
B-513243853-W,BOUNDARY,513243853,W,1.0,1.0,132.43740659559376,34.406280911696456,,,,,1.0,
B-513243854-E,BOUNDARY,513243854,E,1.0,1.0,132.4501899090313,34.40814731767842,,,,,1.0,
B-513243854-N,BOUNDARY,513243854,N,1.0,1.0,132.4476009560062,34.40832478451855,,,,,1.0,
B-513243854-S,BOUNDARY,513243854,S,0.0,0.0,,,,,,,1.0,
B-513243854-W,BOUNDARY,513243854,W,0.0,0.0,,,,,,,1.0,
B-513243861-E,BOUNDARY,513243861,E,1.0,0.0,132.4560314507281,34.402913852710654,,,,,1.0,
B-513243861-N,BOUNDARY,513243861,N,1.0,0.0,132.45426255030807,34.404217824258915,,,,,1.0,
B-513243861-S,BOUNDARY,513243861,S,1.0,1.0,132.45087149745032,34.40003682390838,,,,,1.0,
B-513243861-W,BOUNDARY,513243861,W,0.0,1.0,132.45028236620226,34.4038463939858,,,,,1.0,
B-513243862-E,BOUNDARY,513243862,E,1.0,0.0,132.46208942045254,34.40266578687031,,,,,1.0,
B-513243862-N,BOUNDARY,513243862,N,1.0,1.0,132.4583184618345,34.4041130368944,,,,,1.0,
B-513243862-S,BOUNDARY,513243862,S,1.0,0.0,132.46113841499553,34.40003645622874,,,,,1.0,
B-513243862-W,BOUNDARY,513243862,W,1.0,0.0,132.4560314507281,34.402913852710654,,,,,1.0,
B-513243863-E,BOUNDARY,513243863,E,1.0,0.0,132.45705388681682,34.40763631327429,,,,,1.0,
B-513243863-N,BOUNDARY,513243863,N,1.0,1.0,132.45356373382472,34.40815157444804,,,,,1.0,
B-513243863-S,BOUNDARY,513243863,S,1.0,0.0,132.45426255030807,34.404217824258915,,,,,1.0,
B-513243863-W,BOUNDARY,513243863,W,1.0,1.0,132.4501899090313,34.40814731767842,,,,,1.0,
B-513243864-E,BOUNDARY,513243864,E,1.0,1.0,132.46228706938433,34.407357136552896,,,,,1.0,
B-513243864-N,BOUNDARY,513243864,N,1.0,1.0,132.46251641645986,34.408277517914804,,,,,1.0,
B-513243864-S,BOUNDARY,513243864,S,1.0,1.0,132.4583184618345,34.4041130368944,,,,,1.0,
B-513243864-W,BOUNDARY,513243864,W,1.0,0.0,132.45705388681682,34.40763631327429,,,,,1.0,
B-513243871-E,BOUNDARY,513243871,E,1.0,1.0,132.46884680325778,34.40228659712973,,,,,1.0,
B-513243871-N,BOUNDARY,513243871,N,1.0,0.0,132.4659543737956,34.40299826704637,,,,,1.0,
B-513243871-S,BOUNDARY,513243871,S,1.0,0.0,132.4656136172724,34.40058343070087,,,,,1.0,
B-513243871-W,BOUNDARY,513243871,W,1.0,0.0,132.46208942045254,34.40266578687031,,,,,1.0,
B-513243872-E,BOUNDARY,513243872,E,1.0,1.0,132.47517998592812,34.403064681591424,,,,,1.0,
B-513243872-N,BOUNDARY,513243872,N,1.0,1.0,132.47058139870424,34.40404079040886,,,,,1.0,
B-513243872-S,BOUNDARY,513243872,S,1.0,1.0,132.47416197080793,34.39995774985843,,,,,1.0,
B-513243872-W,BOUNDARY,513243872,W,1.0,1.0,132.46884680325778,34.40228659712973,,,,,1.0,
B-513243873-E,BOUNDARY,513243873,E,1.0,0.0,132.46872188179546,34.4067852210736,,,,,1.0,
B-513243873-N,BOUNDARY,513243873,N,1.0,1.0,132.4690398586207,34.408689993386375,,,,,1.0,
B-513243873-S,BOUNDARY,513243873,S,1.0,0.0,132.4659543737956,34.40299826704637,,,,,1.0,
B-513243873-W,BOUNDARY,513243873,W,1.0,1.0,132.46228706938433,34.407357136552896,,,,,1.0,
B-513243874-E,BOUNDARY,513243874,E,1.0,1.0,132.4748959575681,34.40797884007941,,,,,1.0,
B-513243874-N,BOUNDARY,513243874,N,1.0,1.0,132.4738007234388,34.408243600740924,,,,,1.0,
B-513243874-S,BOUNDARY,513243874,S,1.0,1.0,132.47058139870424,34.40404079040886,,,,,1.0,
B-513243874-W,BOUNDARY,513243874,W,1.0,0.0,132.46872188179546,34.4067852210736,,,,,1.0,
B-513243881-E,BOUNDARY,513243881,E,1.0,1.0,132.48148937122392,34.400257732332626,,,,,1.0,
B-513243881-N,BOUNDARY,513243881,N,1.0,1.0,132.47768546733107,34.40425992865166,,,,,1.0,
B-513243881-S,BOUNDARY,513243881,S,1.0,1.0,132.48074573468693,34.40019345528525,,,,,1.0,
B-513243881-W,BOUNDARY,513243881,W,1.0,1.0,132.47517998592812,34.403064681591424,,,,,1.0,
B-513243882-E,BOUNDARY,513243882,E,1.0,1.0,132.48749514629432,34.40173775458512,,,,,1.0,
B-513243882-N,BOUNDARY,513243882,N,1.0,1.0,132.4814606480548,34.40402018889928,,,,,1.0,
B-513243882-S,BOUNDARY,513243882,S,1.0,1.0,132.48646158858244,34.40007557347963,,,,,1.0,
B-513243882-W,BOUNDARY,513243882,W,1.0,1.0,132.48148937122392,34.400257732332626,,,,,1.0,
B-513243883-E,BOUNDARY,513243883,E,1.0,1.0,132.48138767255068,34.40418855628967,,,,,1.0,
B-513243883-N,BOUNDARY,513243883,N,1.0,1.0,132.48101295650463,34.40856581075424,,,,,1.0,
B-513243883-S,BOUNDARY,513243883,S,1.0,1.0,132.47768546733107,34.40425992865166,,,,,1.0,
B-513243883-W,BOUNDARY,513243883,W,1.0,1.0,132.4748959575681,34.40797884007941,,,,,1.0,
B-513243884-E,BOUNDARY,513243884,E,0.0,0.0,,,,,,,1.0,
B-513243884-N,BOUNDARY,513243884,N,1.0,1.0,132.48209604241976,34.40799841549047,,,,,1.0,
B-513243884-S,BOUNDARY,513243884,S,1.0,1.0,132.4814606480548,34.40402018889928,,,,,1.0,
B-513243884-W,BOUNDARY,513243884,W,1.0,0.0,132.4811264240047,34.40506937572972,,,,,1.0,
B-513243891-E,BOUNDARY,513243891,E,0.0,0.0,,,,,,,1.0,
B-513243891-N,BOUNDARY,513243891,N,0.0,0.0,,,,,,,1.0,
B-513243891-S,BOUNDARY,513243891,S,0.0,0.0,,,,,,,1.0,
B-513243891-W,BOUNDARY,513243891,W,1.0,1.0,132.48749514629432,34.40173775458512,,,,,1.0,
B-513243942-E,BOUNDARY,513243942,E,0.0,0.0,,,,,,,1.0,
B-513243942-N,BOUNDARY,513243942,N,0.0,0.0,,,,,,,1.0,
B-513243942-S,BOUNDARY,513243942,S,1.0,1.0,132.43590644369968,34.40821025678755,,,,,1.0,
B-513243942-W,BOUNDARY,513243942,W,0.0,0.0,,,,,,,1.0,
B-513243944-E,BOUNDARY,513243944,E,1.0,1.0,132.43752127194097,34.41625689350284,,,,,1.0,
B-513243944-N,BOUNDARY,513243944,N,0.0,0.0,,,,,,,1.0,
B-513243944-S,BOUNDARY,513243944,S,0.0,0.0,,,,,,,1.0,
B-513243944-W,BOUNDARY,513243944,W,0.0,0.0,,,,,,,1.0,
B-513243951-E,BOUNDARY,513243951,E,1.0,0.0,132.44411741415584,34.411187160126964,,,,,1.0,
B-513243951-N,BOUNDARY,513243951,N,1.0,0.0,132.43884290216334,34.41240324998128,,,,,1.0,
B-513243951-S,BOUNDARY,513243951,S,0.0,1.0,132.43876037317742,34.408415096113906,,,,,1.0,
B-513243951-W,BOUNDARY,513243951,W,0.0,0.0,,,,,,,1.0,
B-513243952-E,BOUNDARY,513243952,E,1.0,1.0,132.44988807286782,34.410918953791764,,,,,1.0,
B-513243952-N,BOUNDARY,513243952,N,1.0,1.0,132.44792787905382,34.41252709798214,,,,,1.0,
B-513243952-S,BOUNDARY,513243952,S,1.0,1.0,132.4476009560062,34.40832478451855,,,,,1.0,
B-513243952-W,BOUNDARY,513243952,W,1.0,0.0,132.44411741415584,34.411187160126964,,,,,1.0,
B-513243953-E,BOUNDARY,513243953,E,1.0,1.0,132.44362858409718,34.41502470234999,,,,,1.0,
B-513243953-N,BOUNDARY,513243953,N,1.0,0.0,132.44007766097482,34.41656404967354,,,,,1.0,
B-513243953-S,BOUNDARY,513243953,S,1.0,0.0,132.43884290216334,34.41240324998128,,,,,1.0,
B-513243953-W,BOUNDARY,513243953,W,1.0,1.0,132.43752127194097,34.41625689350284,,,,,1.0,
B-513243954-E,BOUNDARY,513243954,E,1.0,1.0,132.44979146068198,34.41276602081661,,,,,1.0,
B-513243954-N,BOUNDARY,513243954,N,1.0,1.0,132.44597404877112,34.416596771977495,,,,,1.0,
B-513243954-S,BOUNDARY,513243954,S,1.0,1.0,132.44792787905382,34.41252709798214,,,,,1.0,
B-513243954-W,BOUNDARY,513243954,W,1.0,1.0,132.44362858409718,34.41502470234999,,,,,1.0,
B-513243961-E,BOUNDARY,513243961,E,1.0,1.0,132.45638229653372,34.410213855559554,,,,,1.0,
B-513243961-N,BOUNDARY,513243961,N,1.0,1.0,132.4554403220379,34.41269500406104,,,,,1.0,
B-513243961-S,BOUNDARY,513243961,S,1.0,1.0,132.45356373382472,34.40815157444804,,,,,1.0,
B-513243961-W,BOUNDARY,513243961,W,1.0,1.0,132.44988807286782,34.410918953791764,,,,,1.0,
B-513243962-E,BOUNDARY,513243962,E,1.0,0.0,132.4626047686129,34.41096942187245,,,,,1.0,
B-513243962-N,BOUNDARY,513243962,N,1.0,1.0,132.4581031848233,34.412597833514845,,,,,1.0,
B-513243962-S,BOUNDARY,513243962,S,1.0,1.0,132.4622216579693,34.4083802171201,,,,,1.0,
B-513243962-W,BOUNDARY,513243962,W,1.0,1.0,132.45638229653372,34.410213855559554,,,,,1.0,
B-513243963-E,BOUNDARY,513243963,E,1.0,1.0,132.45596748606118,34.41317712960165,,,,,1.0,
B-513243963-N,BOUNDARY,513243963,N,1.0,1.0,132.45436885260108,34.41651782342983,,,,,1.0,
B-513243963-S,BOUNDARY,513243963,S,1.0,1.0,132.4554403220379,34.41269500406104,,,,,1.0,
B-513243963-W,BOUNDARY,513243963,W,1.0,1.0,132.44979146068198,34.41276602081661,,,,,1.0,
B-513243964-E,BOUNDARY,513243964,E,0.0,0.0,,,,,,,1.0,
B-513243964-N,BOUNDARY,513243964,N,1.0,1.0,132.459326277786,34.416533060897414,,,,,1.0,
B-513243964-S,BOUNDARY,513243964,S,1.0,1.0,132.4581031848233,34.412597833514845,,,,,1.0,
B-513243964-W,BOUNDARY,513243964,W,1.0,1.0,132.45621225544915,34.41272014037532,,,,,1.0,
B-513243971-E,BOUNDARY,513243971,E,1.0,1.0,132.46862691448192,34.41033314522077,,,,,1.0,
B-513243971-N,BOUNDARY,513243971,N,1.0,1.0,132.46342176138472,34.41234896266903,,,,,1.0,
B-513243971-S,BOUNDARY,513243971,S,1.0,1.0,132.46473238225383,34.40828875609196,,,,,1.0,
B-513243971-W,BOUNDARY,513243971,W,1.0,0.0,132.4626047686129,34.41096942187245,,,,,1.0,
B-513243972-E,BOUNDARY,513243972,E,1.0,1.0,132.4744826834154,34.40943214819739,,,,,1.0,
B-513243972-N,BOUNDARY,513243972,N,1.0,1.0,132.47004604072836,34.41281527462014,,,,,1.0,
B-513243972-S,BOUNDARY,513243972,S,1.0,1.0,132.4738007234388,34.408243600740924,,,,,1.0,
B-513243972-W,BOUNDARY,513243972,W,1.0,1.0,132.4690398586207,34.408689993386375,,,,,1.0,
B-513243973-E,BOUNDARY,513243973,E,1.0,1.0,132.46882772185478,34.412885534023445,,,,,1.0,
B-513243973-N,BOUNDARY,513243973,N,1.0,0.0,132.4644435591366,34.416491197107106,,,,,1.0,
B-513243973-S,BOUNDARY,513243973,S,1.0,1.0,132.46342176138472,34.41234896266903,,,,,1.0,
B-513243973-W,BOUNDARY,513243973,W,0.0,0.0,,,,,,,1.0,
B-513243974-E,BOUNDARY,513243974,E,1.0,1.0,132.47536206273534,34.41407979999576,,,,,1.0,
B-513243974-N,BOUNDARY,513243974,N,1.0,0.0,132.4710258127238,34.41682607008263,,,,,1.0,
B-513243974-S,BOUNDARY,513243974,S,1.0,1.0,132.47004604072836,34.41281527462014,,,,,1.0,
B-513243974-W,BOUNDARY,513243974,W,1.0,1.0,132.46882772185478,34.412885534023445,,,,,1.0,
B-513243981-E,BOUNDARY,513243981,E,1.0,1.0,132.48176485281098,34.40964564393773,,,,,1.0,
B-513243981-N,BOUNDARY,513243981,N,1.0,1.0,132.47912866732662,34.412441104995295,,,,,1.0,
B-513243981-S,BOUNDARY,513243981,S,1.0,1.0,132.48101295650463,34.40856581075424,,,,,1.0,
B-513243981-W,BOUNDARY,513243981,W,1.0,1.0,132.4744826834154,34.40943214819739,,,,,1.0,
B-513243982-E,BOUNDARY,513243982,E,0.0,0.0,,,,,,,1.0,
B-513243982-N,BOUNDARY,513243982,N,1.0,1.0,132.48285598252198,34.41271401585957,,,,,1.0,
B-513243982-S,BOUNDARY,513243982,S,1.0,1.0,132.48209604241976,34.40799841549047,,,,,1.0,
B-513243982-W,BOUNDARY,513243982,W,1.0,1.0,132.48176485281098,34.40964564393773,,,,,1.0,
B-513243983-E,BOUNDARY,513243983,E,1.0,1.0,132.48116521723352,34.41447126031248,,,,,1.0,
B-513243983-N,BOUNDARY,513243983,N,1.0,1.0,132.4787199960112,34.41667243298138,,,,,1.0,
B-513243983-S,BOUNDARY,513243983,S,1.0,1.0,132.47912866732662,34.412441104995295,,,,,1.0,
B-513243983-W,BOUNDARY,513243983,W,1.0,1.0,132.47536206273534,34.41407979999576,,,,,1.0,
B-513243984-E,BOUNDARY,513243984,E,0.0,0.0,,,,,,,1.0,
B-513243984-N,BOUNDARY,513243984,N,1.0,0.0,132.48668055122312,34.41645868035483,,,,,1.0,
B-513243984-S,BOUNDARY,513243984,S,1.0,1.0,132.48285598252198,34.41271401585957,,,,,1.0,
B-513243984-W,BOUNDARY,513243984,W,1.0,1.0,132.48116521723352,34.41447126031248,,,,,1.0,
B-513253051-E,BOUNDARY,513253051,E,0.0,0.0,,,,,,,1.0,
B-513253051-N,BOUNDARY,513253051,N,0.0,0.0,,,,,,,1.0,
B-513253051-S,BOUNDARY,513253051,S,1.0,0.0,132.44344532750063,34.41666283657091,,,,,1.0,
B-513253051-W,BOUNDARY,513253051,W,0.0,0.0,,,,,,,1.0,
B-513253052-E,BOUNDARY,513253052,E,0.0,0.0,,,,,,,1.0,
B-513253052-N,BOUNDARY,513253052,N,0.0,0.0,,,,,,,1.0,
B-513253052-S,BOUNDARY,513253052,S,1.0,1.0,132.44597404877112,34.416596771977495,,,,,1.0,
B-513253052-W,BOUNDARY,513253052,W,0.0,0.0,,,,,,,1.0,
B-513253061-E,BOUNDARY,513253061,E,0.0,0.0,,,,,,,1.0,
B-513253061-N,BOUNDARY,513253061,N,0.0,0.0,,,,,,,1.0,
B-513253061-S,BOUNDARY,513253061,S,1.0,1.0,132.45436885260108,34.41651782342983,,,,,1.0,
B-513253061-W,BOUNDARY,513253061,W,0.0,0.0,,,,,,,1.0,
B-513253062-E,BOUNDARY,513253062,E,0.0,0.0,,,,,,,1.0,
B-513253062-N,BOUNDARY,513253062,N,0.0,0.0,,,,,,,1.0,
B-513253062-S,BOUNDARY,513253062,S,1.0,1.0,132.459326277786,34.416533060897414,,,,,1.0,
B-513253062-W,BOUNDARY,513253062,W,0.0,0.0,,,,,,,1.0,
B-513253071-E,BOUNDARY,513253071,E,0.0,0.0,,,,,,,1.0,
B-513253071-N,BOUNDARY,513253071,N,0.0,0.0,,,,,,,1.0,
B-513253071-S,BOUNDARY,513253071,S,1.0,0.0,132.4679627632691,34.41676089526315,,,,,1.0,
B-513253071-W,BOUNDARY,513253071,W,0.0,0.0,,,,,,,1.0,
B-513253072-E,BOUNDARY,513253072,E,0.0,0.0,,,,,,,1.0,
B-513253072-N,BOUNDARY,513253072,N,0.0,0.0,,,,,,,1.0,
B-513253072-S,BOUNDARY,513253072,S,1.0,0.0,132.4710258127238,34.41682607008263,,,,,1.0,
B-513253072-W,BOUNDARY,513253072,W,0.0,0.0,,,,,,,1.0,
B-513253081-E,BOUNDARY,513253081,E,0.0,0.0,,,,,,,1.0,
B-513253081-N,BOUNDARY,513253081,N,0.0,0.0,,,,,,,1.0,
B-513253081-S,BOUNDARY,513253081,S,1.0,1.0,132.4787199960112,34.41667243298138,,,,,1.0,
B-513253081-W,BOUNDARY,513253081,W,0.0,0.0,,,,,,,1.0,
B-513253082-E,BOUNDARY,513253082,E,0.0,0.0,,,,,,,1.0,
B-513253082-N,BOUNDARY,513253082,N,0.0,0.0,,,,,,,1.0,
B-513253082-S,BOUNDARY,513253082,S,1.0,0.0,132.48668055122312,34.41645868035483,,,,,1.0,
B-513253082-W,BOUNDARY,513253082,W,0.0,0.0,,,,,,,1.0,
513243254_C,CENTROID,513243254,,,,132.44979156017035,34.358357375494116,,,10443,0,0.9,
513243263_C,CENTROID,513243263,,,,132.4534281250461,34.35858749056133,,,6293,0,0.9,
513243264_C,CENTROID,513243264,,,,132.46206262672382,34.35856046695541,,,6115,6105,0.9,
513243273_C,CENTROID,513243273,,,,132.46359376471233,34.35880561934846,,,15935,16292,0.9,
513243274_C,CENTROID,513243274,,,,132.47474895344226,34.36046926298256,,,16291,0,0.9,
513243283_C,CENTROID,513243283,,,,132.47819603267638,34.362083087728834,,,15107,0,0.9,
513243341_C,CENTROID,513243341,,,,132.42878729899795,34.36271726497981,,,9573,9574,0.9,
513243342_C,CENTROID,513243342,,,,132.43467749831535,34.362603304177235,,,9195,9546,0.9,
513243343_C,CENTROID,513243343,,,,132.4287914945347,34.36498769454834,,,9265,9239,0.9,
513243344_C,CENTROID,513243344,,,,132.43402393797265,34.36455790053758,,,9229,9542,0.9,
513243351_C,CENTROID,513243351,,,,132.44202448888984,34.361033076966315,,,10427,10225,0.9,
513243352_C,CENTROID,513243352,,,,132.44268099935636,34.3629373122826,,,10226,10224,0.9,
513243353_C,CENTROID,513243353,,,,132.44069504324057,34.36389257832586,,,10330,10245,0.9,
513243354_C,CENTROID,513243354,,,,132.44174357272223,34.367307985035616,,,10422,578,0.9,
513243361_C,CENTROID,513243361,,,,132.44847194733057,34.36291707498721,,,6155,6452,0.9,
513243362_C,CENTROID,513243362,,,,132.46091768862743,34.36049657890571,,,6527,6526,0.9,
513243363_C,CENTROID,513243363,,,,132.45369055827405,34.364769883333445,,,6290,6308,0.9,
513243364_C,CENTROID,513243364,,,,132.4605235223272,34.36448317211152,,,6235,6343,0.9,
513243371_C,CENTROID,513243371,,,,132.46515407446685,34.36088942557164,,,16489,15985,0.9,
513243372_C,CENTROID,513243372,,,,132.47162505002382,34.36068427371889,,,16291,16468,0.9,
513243373_C,CENTROID,513243373,,,,132.45983354667925,34.36905679424797,,,16127,16328,0.9,
513243374_C,CENTROID,513243374,,,,132.4724010494617,34.365191514949494,,,16440,16140,0.9,
513243381_C,CENTROID,513243381,,,,132.47854755013765,34.362673504600075,,,15107,15334,0.9,
513243382_C,CENTROID,513243382,,,,132.48674561122354,34.362462487604326,,,15391,15392,0.9,
513243383_C,CENTROID,513243383,,,,132.47782158260668,34.363628371053565,,,15315,15269,0.9,
513243384_C,CENTROID,513243384,,,,132.48506354384853,34.36456413482069,,,15374,15373,0.9,
513243393_C,CENTROID,513243393,,,,132.48746418242004,34.363354011960084,,,0,15386,0.9,
513243434_C,CENTROID,513243434,,,,132.42525515349692,34.37354541931263,,,14699,14682,0.9,
513243441_C,CENTROID,513243441,,,,132.43017509175172,34.36876989701653,,,14572,14818,0.9,
513243442_C,CENTROID,513243442,,,,132.43446033541377,34.36899285530061,,,14864,14892,0.9,
513243443_C,CENTROID,513243443,,,,132.4283956121419,34.372995956782304,,,14728,14679,0.9,
513243444_C,CENTROID,513243444,,,,132.43514516673628,34.37252851389177,,,14661,14668,0.9,
513243451_C,CENTROID,513243451,,,,132.4406651357215,34.369370603434014,,,13278,13316,0.9,
513243452_C,CENTROID,513243452,,,,132.44716855293495,34.369335175235506,,,13473,13019,0.9,
513243453_C,CENTROID,513243453,,,,132.43992026505418,34.37267139945121,,,13630,13629,0.9,
513243454_C,CENTROID,513243454,,,,132.446604569668,34.373133538535384,,,13164,13683,0.9,
513243461_C,CENTROID,513243461,,,,132.4522840270204,34.368433214139976,,,11593,11592,0.9,
513243462_C,CENTROID,513243462,,,,132.46108322374522,34.36770318580225,,,11638,11637,0.9,
513243463_C,CENTROID,513243463,,,,132.4529841059675,34.373404129670334,,,11467,11445,0.9,
513243464_C,CENTROID,513243464,,,,132.45987516309026,34.3725660511423,,,11772,11475,0.9,
513243471_C,CENTROID,513243471,,,,132.45019512581888,34.380272182357224,,,tran_4a4abe70-ea89-4c49-829c-7b566f6ced9a,tran_84ca2e19-87f3-4698-b0ed-f06b0ce30622,0.9,
513243472_C,CENTROID,513243472,,,,132.4625683012673,34.375823927543344,,,tran_1b1bd41a-ee60-4bfe-9e87-f98f855f45ae,tran_a04f8ee8-9481-4862-a2a1-c8bd70c8d937,0.9,
513243473_C,CENTROID,513243473,,,,132.44412337808137,34.38413956462787,,,tran_1d31c9ab-ced1-4984-83c8-db6d85831c78,tran_2f0653a2-46dd-407c-bd22-6225abd81841,0.9,
513243474_C,CENTROID,513243474,,,,132.45172372737704,34.38307042340056,,,tran_940f985f-4103-4538-a845-558c72f6cda9,tran_db223364-d89f-4b6b-882f-c001a421cf76,0.9,
513243481_C,CENTROID,513243481,,,,132.477027645845,34.368591160905034,,,18556,18548,0.9,
513243482_C,CENTROID,513243482,,,,132.4851924157844,34.36827730179189,,,17800,17796,0.9,
513243483_C,CENTROID,513243483,,,,132.46901880404135,34.37591843501175,,,18052,18264,0.9,
513243484_C,CENTROID,513243484,,,,132.4852614082385,34.372554112684526,,,18023,18035,0.9,
513243491_C,CENTROID,513243491,,,,132.48746334900574,34.36748999129981,,,0,18609,0.9,
513243493_C,CENTROID,513243493,,,,132.4874978911379,34.3718517111256,,,18072,17971,0.9,
513243532_C,CENTROID,513243532,,,,132.4251308155817,34.375152363114765,,,6963,6987,0.9,
513243534_C,CENTROID,513243534,,,,132.4251126346739,34.383660008094395,,,6756,6775,0.9,
513243541_C,CENTROID,513243541,,,,132.4282168381194,34.377401754259374,,,7015,7020,0.9,
513243542_C,CENTROID,513243542,,,,132.4336545952315,34.377757771428506,,,7049,6634,0.9,
513243543_C,CENTROID,513243543,,,,132.42850529533067,34.38196031281239,,,6823,6780,0.9,
513243544_C,CENTROID,513243544,,,,132.4330589942774,34.38158871303016,,,6953,6952,0.9,
513243551_C,CENTROID,513243551,,,,132.44053987287714,34.377056706674544,,,2110,2127,0.9,
513243552_C,CENTROID,513243552,,,,132.44787326098646,34.37648993258955,,,2440,2122,0.9,
513243553_C,CENTROID,513243553,,,,132.4408322550605,34.38136616169171,,,2260,2520,0.9,
513243554_C,CENTROID,513243554,,,,132.44794088445502,34.38160603983857,,,2494,2488,0.9,
513243561_C,CENTROID,513243561,,,,132.4530561862663,34.37700083392002,,,8964,9162,0.9,
513243562_C,CENTROID,513243562,,,,132.4580262348456,34.377418950258225,,,8985,8987,0.9,
513243563_C,CENTROID,513243563,,,,132.45194878385712,34.381446739222454,,,9024,9026,0.9,
513243564_C,CENTROID,513243564,,,,132.4585755480845,34.38117684690156,,,8865,8814,0.9,
513243571_C,CENTROID,513243571,,,,132.45995901029985,34.37763581051163,,,15709,15710,0.9,
513243572_C,CENTROID,513243572,,,,132.47111351968888,34.37727552642964,,,15787,15459,0.9,
513243573_C,CENTROID,513243573,,,,132.466194442315,34.38114496873831,,,15560,15813,0.9,
513243574_C,CENTROID,513243574,,,,132.46577605587862,34.38228399515165,,,15850,15553,0.9,
513243581_C,CENTROID,513243581,,,,132.47865930215124,34.377597350502874,,,8008,8029,0.9,
513243582_C,CENTROID,513243582,,,,132.4840855130164,34.37667829200169,,,8031,8030,0.9,
513243583_C,CENTROID,513243583,,,,132.47778647577363,34.38122246217958,,,8218,8315,0.9,
513243584_C,CENTROID,513243584,,,,132.48392731657393,34.381214174387765,,,8181,8187,0.9,
513243591_C,CENTROID,513243591,,,,132.48735681330027,34.37545006750065,,,8005,8490,0.9,
513243593_C,CENTROID,513243593,,,,132.48733933178175,34.38228131946384,,,8202,8178,0.9,
513243632_C,CENTROID,513243632,,,,132.42453036220104,34.384368170021155,,,9795,0,0.9,
513243634_C,CENTROID,513243634,,,,132.42506608559728,34.39163833039754,,,10223,10181,0.9,
513243641_C,CENTROID,513243641,,,,132.42766319707385,34.38480836523638,,,10123,9657,0.9,
513243642_C,CENTROID,513243642,,,,132.4338662177248,34.38548512132961,,,9629,9661,0.9,
513243643_C,CENTROID,513243643,,,,132.4286294618534,34.38990926215534,,,9818,10029,0.9,
513243644_C,CENTROID,513243644,,,,132.43400702010695,34.38949326242174,,,9820,10056,0.9,
513243651_C,CENTROID,513243651,,,,132.4403911793367,34.385495768734216,,,81,353,0.9,
513243652_C,CENTROID,513243652,,,,132.44772928528968,34.38509078159173,,,80,85,0.9,
513243653_C,CENTROID,513243653,,,,132.44105301628667,34.390239927154745,,,406,239,0.9,
513243654_C,CENTROID,513243654,,,,132.44683261262287,34.38966772089846,,,446,562,0.9,
513243661_C,CENTROID,513243661,,,,132.4525403767208,34.385348264611295,,,4849,4859,0.9,
513243662_C,CENTROID,513243662,,,,132.45921574862737,34.38554542799129,,,5115,4869,0.9,
513243663_C,CENTROID,513243663,,,,132.45335220449365,34.38928247004021,,,5007,4956,0.9,
513243664_C,CENTROID,513243664,,,,132.46045914432466,34.38901132699933,,,5193,4986,0.9,
513243671_C,CENTROID,513243671,,,,132.45398053764626,34.384799859377225,,,tran_d1985c3b-2e3d-46f9-ae5c-3037828b5ce2,tran_19ea7f54-c5e1-4483-a53a-278c16d62bf8,0.9,
513243672_C,CENTROID,513243672,,,,132.4539939873767,34.38646511028064,,,tran_b249ef4d-7a53-4c04-9441-415dd3d23d39,tran_6cf6c6f8-433d-4ed9-a6f1-a657cb3ec644,0.9,
513243673_C,CENTROID,513243673,,,,132.44937375716705,34.38575393670759,,,tran_210f17ab-bc82-4e68-98da-70ea2d590b45,tran_6ba038e1-3d9f-497b-ac0a-24078c9b263b,0.9,
513243674_C,CENTROID,513243674,,,,132.45315454899887,34.38639287377306,,,tran_e7419217-7656-4705-912d-6ffea07088aa,tran_2b51662f-c5ed-4a62-85d2-0a5443e73b56,0.9,
513243681_C,CENTROID,513243681,,,,132.4780028829715,34.38585309144823,,,3430,3427,0.9,
513243682_C,CENTROID,513243682,,,,132.48410735754777,34.38591965933949,,,3669,3449,0.9,
513243683_C,CENTROID,513243683,,,,132.4705577238651,34.38772527886265,,,4031,3797,0.9,
513243684_C,CENTROID,513243684,,,,132.48329170650197,34.390020113204834,,,3998,4061,0.9,
513243691_C,CENTROID,513243691,,,,132.487400978315,34.38459340028808,,,3370,3674,0.9,
513243693_C,CENTROID,513243693,,,,132.48745601031368,34.39076650494636,,,3744,3822,0.9,
513243732_C,CENTROID,513243732,,,,132.42750304839836,34.391933116043404,,,9896,5431,0.9,
513243734_C,CENTROID,513243734,,,,132.42534513305858,34.396211408467835,,,5561,5973,0.9,
513243741_C,CENTROID,513243741,,,,132.42728504971785,34.39392448753922,,,6094,6095,0.9,
513243742_C,CENTROID,513243742,,,,132.43392837466746,34.393534796537985,,,5371,5931,0.9,
513243743_C,CENTROID,513243743,,,,132.42871191602575,34.39782868146916,,,5590,6005,0.9,
513243744_C,CENTROID,513243744,,,,132.43471339648775,34.398340510877006,,,5592,5581,0.9,
513243751_C,CENTROID,513243751,,,,132.44079382094603,34.39305794137181,,,2720,2724,0.9,
513243752_C,CENTROID,513243752,,,,132.44585135919937,34.393604933519406,,,2710,2734,0.9,
513243753_C,CENTROID,513243753,,,,132.44016415751045,34.397772189175456,,,2938,3307,0.9,
513243754_C,CENTROID,513243754,,,,132.4466383075836,34.398027000532146,,,2927,2958,0.9,
513243761_C,CENTROID,513243761,,,,132.45329843204166,34.39390591342081,,,13788,13962,0.9,
513243762_C,CENTROID,513243762,,,,132.460135070472,34.393365584989276,,,13756,13998,0.9,
513243763_C,CENTROID,513243763,,,,132.45222033943634,34.39822499406146,,,13855,13944,0.9,
513243764_C,CENTROID,513243764,,,,132.46069741017962,34.39800218371942,,,13850,13926,0.9,
513243771_C,CENTROID,513243771,,,,132.46032446772415,34.391857442234006,,,16852,17010,0.9,
513243772_C,CENTROID,513243772,,,,132.47169962861423,34.394069958658385,,,16739,16959,0.9,
513243773_C,CENTROID,513243773,,,,132.46563306375822,34.39789137782713,,,16914,16907,0.9,
513243774_C,CENTROID,513243774,,,,132.47202959846672,34.397368224128925,,,16732,16841,0.9,
513243781_C,CENTROID,513243781,,,,132.47863494562552,34.39263829436397,,,4038,3680,0.9,
513243782_C,CENTROID,513243782,,,,132.4824073639372,34.39164946219603,,,0,3825,0.9,
513243783_C,CENTROID,513243783,,,,132.47765912472522,34.398128457775115,,,4670,4660,0.9,
513243784_C,CENTROID,513243784,,,,132.48646158858244,34.40007557347963,,,4557,4700,0.9,
513243791_C,CENTROID,513243791,,,,132.48739688483064,34.39137939842854,,,3741,0,0.9,
513243832_C,CENTROID,513243832,,,,132.42523441687695,34.40029885624863,,,12409,12852,0.9,
513243834_C,CENTROID,513243834,,,,132.42510927288515,34.40545051858753,,,0,12554,0.9,
513243841_C,CENTROID,513243841,,,,132.42809405082218,34.401136737610415,,,12468,12891,0.9,
513243842_C,CENTROID,513243842,,,,132.4341215629111,34.40174976283489,,,12639,12450,0.9,
513243843_C,CENTROID,513243843,,,,132.4283559603258,34.404916498420995,,,12586,12668,0.9,
513243844_C,CENTROID,513243844,,,,132.43430352085647,34.405930449664496,,,12581,12808,0.9,
513243851_C,CENTROID,513243851,,,,132.43986230880157,34.400511165609224,,,3047,3052,0.9,
513243852_C,CENTROID,513243852,,,,132.44677850711807,34.401277449972575,,,3192,3051,0.9,
513243853_C,CENTROID,513243853,,,,132.43776674869875,34.40641598537695,,,12701,14054,0.9,
513243854_C,CENTROID,513243854,,,,132.44889543251875,34.408236051098484,,,4205,14457,0.9,
513243861_C,CENTROID,513243861,,,,132.45286196617218,34.40275372371594,,,4159,4306,0.9,
513243862_C,CENTROID,513243862,,,,132.45939443700266,34.402432283176026,,,4386,4173,0.9,
513243863_C,CENTROID,513243863,,,,132.45376751999524,34.40703825741492,,,4295,4219,0.9,
513243864_C,CENTROID,513243864,,,,132.46004395862388,34.406846001159096,,,4366,4203,0.9,
513243871_C,CENTROID,513243871,,,,132.46562605369456,34.40213352043682,,,12252,12400,0.9,
513243872_C,CENTROID,513243872,,,,132.47219253967452,34.40233745474711,,,12317,12246,0.9,
513243873_C,CENTROID,513243873,,,,132.46650079589904,34.40645765451481,,,12111,12112,0.9,
513243874_C,CENTROID,513243874,,,,132.47199999037664,34.4067621130757,,,11884,12176,0.9,
513243881_C,CENTROID,513243881,,,,132.4787751397925,34.40194394946524,,,4556,4778,0.9,
513243882_C,CENTROID,513243882,,,,132.48422668853885,34.40152281232417,,,4655,4603,0.9,
513243883_C,CENTROID,513243883,,,,132.4787455134886,34.40624828394375,,,4425,4712,0.9,
513243884_C,CENTROID,513243884,,,,132.48156103815975,34.40569599337316,,,4435,4427,0.9,
513243891_C,CENTROID,513243891,,,,132.48749514629432,34.40173775458512,,,4771,4597,0.9,
513243942_C,CENTROID,513243942,,,,132.43590644369968,34.40821025678755,,,12602,12600,0.9,
513243944_C,CENTROID,513243944,,,,132.43752127194097,34.41625689350284,,,14252,14243,0.9,
513243951_C,CENTROID,513243951,,,,132.44057356316554,34.41066850207405,,,14079,14391,0.9,
513243952_C,CENTROID,513243952,,,,132.44738358052092,34.41073949910486,,,14094,14458,0.9,
513243953_C,CENTROID,513243953,,,,132.4400176047941,34.415062223876916,,,14278,14334,0.9,
513243954_C,CENTROID,513243954,,,,132.44683049315103,34.41422864828156,,,14353,14162,0.9,
513243961_C,CENTROID,513243961,,,,132.45381860631605,34.4104948469651,,,17083,17097,0.9,
513243962_C,CENTROID,513243962,,,,132.4598279769848,34.41054033201674,,,17656,17660,0.9,
513243963_C,CENTROID,513243963,,,,132.45389203034554,34.41378899447729,,,17250,17270,0.9,
513243964_C,CENTROID,513243964,,,,132.45788057268615,34.41395034492919,,,17481,17479,0.9,
513243971_C,CENTROID,513243971,,,,132.46484645668335,34.410485071463555,,,7757,7756,0.9,
513243972_C,CENTROID,513243972,,,,132.4718423265508,34.40979525423621,,,7310,7267,0.9,
513243973_C,CENTROID,513243973,,,,132.4655643474587,34.41390856459986,,,7485,7608,0.9,
513243974_C,CENTROID,513243974,,,,132.47131540951057,34.41415166968049,,,7681,7466,0.9,
513243981_C,CENTROID,513243981,,,,132.4790972900144,34.41002117697116,,,11034,11170,0.9,
513243982_C,CENTROID,513243982,,,,132.4822389592509,34.410119358429256,,,10556,11243,0.9,
513243983_C,CENTROID,513243983,,,,132.47859398582668,34.41441614957123,,,10719,10690,0.9,
513243984_C,CENTROID,513243984,,,,132.48356725032622,34.41454798550896,,,10783,10920,0.9,
513253051_C,CENTROID,513253051,,,,132.44344532750063,34.41666283657091,,,14233,0,0.9,
513253052_C,CENTROID,513253052,,,,132.44597404877112,34.416596771977495,,,14231,14315,0.9,
513253061_C,CENTROID,513253061,,,,132.45436885260108,34.41651782342983,,,17373,17376,0.9,
513253062_C,CENTROID,513253062,,,,132.459326277786,34.416533060897414,,,17468,17375,0.9,
513253071_C,CENTROID,513253071,,,,132.4679627632691,34.41676089526315,,,7519,0,0.9,
513253072_C,CENTROID,513253072,,,,132.4710258127238,34.41682607008263,,,7513,0,0.9,
513253081_C,CENTROID,513253081,,,,132.4787199960112,34.41667243298138,,,10785,10781,0.9,
513253082_C,CENTROID,513253082,,,,132.48668055122312,34.41645868035483,,,10778,0,0.9,
